-- MySQL dump 10.13  Distrib 5.1.66, for debian-linux-gnu (i686)
--
-- Host: localhost    Database: mydb
-- ------------------------------------------------------
-- Server version	5.1.66-0ubuntu0.11.10.2

/*!40101 SET @OLD_CHARACTER_SET_CLIENT=@@CHARACTER_SET_CLIENT */;
/*!40101 SET @OLD_CHARACTER_SET_RESULTS=@@CHARACTER_SET_RESULTS */;
/*!40101 SET @OLD_COLLATION_CONNECTION=@@COLLATION_CONNECTION */;
/*!40101 SET NAMES utf8 */;
/*!40103 SET @OLD_TIME_ZONE=@@TIME_ZONE */;
/*!40103 SET TIME_ZONE='+00:00' */;
/*!40014 SET @OLD_UNIQUE_CHECKS=@@UNIQUE_CHECKS, UNIQUE_CHECKS=0 */;
/*!40014 SET @OLD_FOREIGN_KEY_CHECKS=@@FOREIGN_KEY_CHECKS, FOREIGN_KEY_CHECKS=0 */;
/*!40101 SET @OLD_SQL_MODE=@@SQL_MODE, SQL_MODE='NO_AUTO_VALUE_ON_ZERO' */;
/*!40111 SET @OLD_SQL_NOTES=@@SQL_NOTES, SQL_NOTES=0 */;

--
-- Table structure for table `dias`
--

DROP TABLE IF EXISTS `dias`;
/*!40101 SET @saved_cs_client     = @@character_set_client */;
/*!40101 SET character_set_client = utf8 */;
CREATE TABLE `dias` (
  `iddias` int(11) NOT NULL AUTO_INCREMENT,
  `nombredia` varchar(45) NOT NULL,
  PRIMARY KEY (`iddias`)
) ENGINE=InnoDB AUTO_INCREMENT=6 DEFAULT CHARSET=latin1;
/*!40101 SET character_set_client = @saved_cs_client */;

--
-- Dumping data for table `dias`
--

LOCK TABLES `dias` WRITE;
/*!40000 ALTER TABLE `dias` DISABLE KEYS */;
INSERT INTO `dias` VALUES (1,'lunes'),(2,'martes'),(3,'miercoles'),(4,'jueves'),(5,'viernes');
/*!40000 ALTER TABLE `dias` ENABLE KEYS */;
UNLOCK TABLES;

--
-- Table structure for table `divisiones`
--

DROP TABLE IF EXISTS `divisiones`;
/*!40101 SET @saved_cs_client     = @@character_set_client */;
/*!40101 SET character_set_client = utf8 */;
CREATE TABLE `divisiones` (
  `iddivisiones` int(11) NOT NULL AUTO_INCREMENT,
  `nombredivision` varchar(10) NOT NULL,
  PRIMARY KEY (`iddivisiones`)
) ENGINE=InnoDB AUTO_INCREMENT=4 DEFAULT CHARSET=latin1;
/*!40101 SET character_set_client = @saved_cs_client */;

--
-- Dumping data for table `divisiones`
--

LOCK TABLES `divisiones` WRITE;
/*!40000 ALTER TABLE `divisiones` DISABLE KEYS */;
INSERT INTO `divisiones` VALUES (1,'CBI'),(2,'CBS'),(3,'CSH');
/*!40000 ALTER TABLE `divisiones` ENABLE KEYS */;
UNLOCK TABLES;

--
-- Table structure for table `grupo`
--

DROP TABLE IF EXISTS `grupo`;
/*!40101 SET @saved_cs_client     = @@character_set_client */;
/*!40101 SET character_set_client = utf8 */;
CREATE TABLE `grupo` (
  `idgrupo` int(11) NOT NULL AUTO_INCREMENT,
  `grupo` varchar(10) NOT NULL,
  `siglas` varchar(10) NOT NULL,
  `uea_iduea` int(11) NOT NULL,
  `profesores_idprofesores` int(11) NOT NULL,
  PRIMARY KEY (`idgrupo`),
  KEY `fk_grupo_uea1` (`uea_iduea`),
  KEY `fk_grupo_profesores1` (`profesores_idprofesores`)
) ENGINE=InnoDB DEFAULT CHARSET=latin1;
/*!40101 SET character_set_client = @saved_cs_client */;

--
-- Dumping data for table `grupo`
--

LOCK TABLES `grupo` WRITE;
/*!40000 ALTER TABLE `grupo` DISABLE KEYS */;
/*!40000 ALTER TABLE `grupo` ENABLE KEYS */;
UNLOCK TABLES;

--
-- Table structure for table `horarios`
--

DROP TABLE IF EXISTS `horarios`;
/*!40101 SET @saved_cs_client     = @@character_set_client */;
/*!40101 SET character_set_client = utf8 */;
CREATE TABLE `horarios` (
  `idhorarios` int(11) NOT NULL,
  `hora` varchar(5) NOT NULL,
  PRIMARY KEY (`idhorarios`)
) ENGINE=InnoDB DEFAULT CHARSET=latin1;
/*!40101 SET character_set_client = @saved_cs_client */;

--
-- Dumping data for table `horarios`
--

LOCK TABLES `horarios` WRITE;
/*!40000 ALTER TABLE `horarios` DISABLE KEYS */;
INSERT INTO `horarios` VALUES (1,'08:00'),(2,'08:30'),(3,'09:00'),(4,'09:30'),(5,'10:00'),(6,'10:30'),(7,'11:00'),(8,'11:30'),(9,'12:00'),(10,'12:30'),(11,'13:00'),(12,'13:30'),(13,'14:00'),(14,'14:30'),(15,'15:00'),(16,'15:30'),(17,'16:00'),(18,'16:30'),(19,'17:00'),(20,'17:30'),(21,'18:00'),(22,'18:30'),(23,'19:00'),(24,'19:30'),(25,'20:00'),(26,'20:30'),(27,'21:00');
/*!40000 ALTER TABLE `horarios` ENABLE KEYS */;
UNLOCK TABLES;

--
-- Table structure for table `laboratorios`
--

DROP TABLE IF EXISTS `laboratorios`;
/*!40101 SET @saved_cs_client     = @@character_set_client */;
/*!40101 SET character_set_client = utf8 */;
CREATE TABLE `laboratorios` (
  `idlaboratorios` int(11) NOT NULL,
  `nombrelaboratorios` varchar(20) NOT NULL,
  PRIMARY KEY (`idlaboratorios`)
) ENGINE=InnoDB DEFAULT CHARSET=latin1;
/*!40101 SET character_set_client = @saved_cs_client */;

--
-- Dumping data for table `laboratorios`
--

LOCK TABLES `laboratorios` WRITE;
/*!40000 ALTER TABLE `laboratorios` DISABLE KEYS */;
INSERT INTO `laboratorios` VALUES (105,'AT-105'),(106,'AT-106'),(219,'AT-219'),(220,'AT-220');
/*!40000 ALTER TABLE `laboratorios` ENABLE KEYS */;
UNLOCK TABLES;

--
-- Table structure for table `laboratorios_grupo`
--

DROP TABLE IF EXISTS `laboratorios_grupo`;
/*!40101 SET @saved_cs_client     = @@character_set_client */;
/*!40101 SET character_set_client = utf8 */;
CREATE TABLE `laboratorios_grupo` (
  `idlaboratorios` int(11) NOT NULL,
  `idgrupo` int(11) DEFAULT NULL,
  `semanas_idsemanas` int(11) NOT NULL,
  `dias_iddias` int(11) NOT NULL,
  `horarios_idhorarios` int(11) NOT NULL,
  PRIMARY KEY (`idlaboratorios`,`horarios_idhorarios`,`dias_iddias`,`semanas_idsemanas`),
  KEY `fk_laboratorios_has_grupo_grupo1` (`idgrupo`),
  KEY `fk_laboratorios_has_grupo_laboratorios1` (`idlaboratorios`),
  KEY `fk_laboratorios_grupo_dias1` (`dias_iddias`),
  KEY `fk_laboratorios_grupo_horarios1` (`horarios_idhorarios`),
  KEY `fk_laboratorios_grupo_semanas1` (`semanas_idsemanas`),
  CONSTRAINT `fk_laboratorios_grupo_dias1` FOREIGN KEY (`dias_iddias`) REFERENCES `dias` (`iddias`) ON DELETE NO ACTION ON UPDATE NO ACTION,
  CONSTRAINT `fk_laboratorios_grupo_horarios1` FOREIGN KEY (`horarios_idhorarios`) REFERENCES `horarios` (`idhorarios`) ON DELETE NO ACTION ON UPDATE NO ACTION,
  CONSTRAINT `fk_laboratorios_grupo_semanas1` FOREIGN KEY (`semanas_idsemanas`) REFERENCES `semanas` (`idsemanas`) ON DELETE NO ACTION ON UPDATE NO ACTION,
  CONSTRAINT `fk_laboratorios_has_grupo_grupo1` FOREIGN KEY (`idgrupo`) REFERENCES `grupo` (`idgrupo`) ON DELETE NO ACTION ON UPDATE NO ACTION,
  CONSTRAINT `fk_laboratorios_has_grupo_laboratorios1` FOREIGN KEY (`idlaboratorios`) REFERENCES `laboratorios` (`idlaboratorios`) ON DELETE NO ACTION ON UPDATE NO ACTION
) ENGINE=InnoDB DEFAULT CHARSET=latin1;
/*!40101 SET character_set_client = @saved_cs_client */;

--
-- Dumping data for table `laboratorios_grupo`
--

LOCK TABLES `laboratorios_grupo` WRITE;
/*!40000 ALTER TABLE `laboratorios_grupo` DISABLE KEYS */;
INSERT INTO `laboratorios_grupo` VALUES (105,NULL,1,1,1),(105,NULL,2,1,1),(105,NULL,3,1,1),(105,NULL,4,1,1),(105,NULL,5,1,1),(105,NULL,6,1,1),(105,NULL,7,1,1),(105,NULL,8,1,1),(105,NULL,9,1,1),(105,NULL,10,1,1),(105,NULL,11,1,1),(105,NULL,12,1,1),(105,NULL,13,1,1),(105,NULL,1,2,1),(105,NULL,2,2,1),(105,NULL,3,2,1),(105,NULL,4,2,1),(105,NULL,5,2,1),(105,NULL,6,2,1),(105,NULL,7,2,1),(105,NULL,8,2,1),(105,NULL,9,2,1),(105,NULL,10,2,1),(105,NULL,11,2,1),(105,NULL,12,2,1),(105,NULL,13,2,1),(105,NULL,1,3,1),(105,NULL,2,3,1),(105,NULL,3,3,1),(105,NULL,4,3,1),(105,NULL,5,3,1),(105,NULL,6,3,1),(105,NULL,7,3,1),(105,NULL,8,3,1),(105,NULL,9,3,1),(105,NULL,10,3,1),(105,NULL,11,3,1),(105,NULL,12,3,1),(105,NULL,13,3,1),(105,NULL,1,4,1),(105,NULL,2,4,1),(105,NULL,3,4,1),(105,NULL,4,4,1),(105,NULL,5,4,1),(105,NULL,6,4,1),(105,NULL,7,4,1),(105,NULL,8,4,1),(105,NULL,9,4,1),(105,NULL,10,4,1),(105,NULL,11,4,1),(105,NULL,12,4,1),(105,NULL,13,4,1),(105,NULL,1,5,1),(105,NULL,2,5,1),(105,NULL,3,5,1),(105,NULL,4,5,1),(105,NULL,5,5,1),(105,NULL,6,5,1),(105,NULL,7,5,1),(105,NULL,8,5,1),(105,NULL,9,5,1),(105,NULL,10,5,1),(105,NULL,11,5,1),(105,NULL,12,5,1),(105,NULL,13,5,1),(105,NULL,1,1,2),(105,NULL,2,1,2),(105,NULL,3,1,2),(105,NULL,4,1,2),(105,NULL,5,1,2),(105,NULL,6,1,2),(105,NULL,7,1,2),(105,NULL,8,1,2),(105,NULL,9,1,2),(105,NULL,10,1,2),(105,NULL,11,1,2),(105,NULL,12,1,2),(105,NULL,13,1,2),(105,NULL,1,2,2),(105,NULL,2,2,2),(105,NULL,3,2,2),(105,NULL,4,2,2),(105,NULL,5,2,2),(105,NULL,6,2,2),(105,NULL,7,2,2),(105,NULL,8,2,2),(105,NULL,9,2,2),(105,NULL,10,2,2),(105,NULL,11,2,2),(105,NULL,12,2,2),(105,NULL,13,2,2),(105,NULL,1,3,2),(105,NULL,2,3,2),(105,NULL,3,3,2),(105,NULL,4,3,2),(105,NULL,5,3,2),(105,NULL,6,3,2),(105,NULL,7,3,2),(105,NULL,8,3,2),(105,NULL,9,3,2),(105,NULL,10,3,2),(105,NULL,11,3,2),(105,NULL,12,3,2),(105,NULL,13,3,2),(105,NULL,1,4,2),(105,NULL,2,4,2),(105,NULL,3,4,2),(105,NULL,4,4,2),(105,NULL,5,4,2),(105,NULL,6,4,2),(105,NULL,7,4,2),(105,NULL,8,4,2),(105,NULL,9,4,2),(105,NULL,10,4,2),(105,NULL,11,4,2),(105,NULL,12,4,2),(105,NULL,13,4,2),(105,NULL,1,5,2),(105,NULL,2,5,2),(105,NULL,3,5,2),(105,NULL,4,5,2),(105,NULL,5,5,2),(105,NULL,6,5,2),(105,NULL,7,5,2),(105,NULL,8,5,2),(105,NULL,9,5,2),(105,NULL,10,5,2),(105,NULL,11,5,2),(105,NULL,12,5,2),(105,NULL,13,5,2),(105,NULL,1,1,3),(105,NULL,2,1,3),(105,NULL,3,1,3),(105,NULL,4,1,3),(105,NULL,5,1,3),(105,NULL,6,1,3),(105,NULL,7,1,3),(105,NULL,8,1,3),(105,NULL,9,1,3),(105,NULL,10,1,3),(105,NULL,11,1,3),(105,NULL,12,1,3),(105,NULL,13,1,3),(105,NULL,1,2,3),(105,NULL,2,2,3),(105,NULL,3,2,3),(105,NULL,4,2,3),(105,NULL,5,2,3),(105,NULL,6,2,3),(105,NULL,7,2,3),(105,NULL,8,2,3),(105,NULL,9,2,3),(105,NULL,10,2,3),(105,NULL,11,2,3),(105,NULL,12,2,3),(105,NULL,13,2,3),(105,NULL,1,3,3),(105,NULL,2,3,3),(105,NULL,3,3,3),(105,NULL,4,3,3),(105,NULL,5,3,3),(105,NULL,6,3,3),(105,NULL,7,3,3),(105,NULL,8,3,3),(105,NULL,9,3,3),(105,NULL,10,3,3),(105,NULL,11,3,3),(105,NULL,12,3,3),(105,NULL,13,3,3),(105,NULL,1,4,3),(105,NULL,2,4,3),(105,NULL,3,4,3),(105,NULL,4,4,3),(105,NULL,5,4,3),(105,NULL,6,4,3),(105,NULL,7,4,3),(105,NULL,8,4,3),(105,NULL,9,4,3),(105,NULL,10,4,3),(105,NULL,11,4,3),(105,NULL,12,4,3),(105,NULL,13,4,3),(105,NULL,1,5,3),(105,NULL,2,5,3),(105,NULL,3,5,3),(105,NULL,4,5,3),(105,NULL,5,5,3),(105,NULL,6,5,3),(105,NULL,7,5,3),(105,NULL,8,5,3),(105,NULL,9,5,3),(105,NULL,10,5,3),(105,NULL,11,5,3),(105,NULL,12,5,3),(105,NULL,13,5,3),(105,NULL,1,1,4),(105,NULL,2,1,4),(105,NULL,3,1,4),(105,NULL,4,1,4),(105,NULL,5,1,4),(105,NULL,6,1,4),(105,NULL,7,1,4),(105,NULL,8,1,4),(105,NULL,9,1,4),(105,NULL,10,1,4),(105,NULL,11,1,4),(105,NULL,12,1,4),(105,NULL,13,1,4),(105,NULL,1,2,4),(105,NULL,2,2,4),(105,NULL,3,2,4),(105,NULL,4,2,4),(105,NULL,5,2,4),(105,NULL,6,2,4),(105,NULL,7,2,4),(105,NULL,8,2,4),(105,NULL,9,2,4),(105,NULL,10,2,4),(105,NULL,11,2,4),(105,NULL,12,2,4),(105,NULL,13,2,4),(105,NULL,1,3,4),(105,NULL,2,3,4),(105,NULL,3,3,4),(105,NULL,4,3,4),(105,NULL,5,3,4),(105,NULL,6,3,4),(105,NULL,7,3,4),(105,NULL,8,3,4),(105,NULL,9,3,4),(105,NULL,10,3,4),(105,NULL,11,3,4),(105,NULL,12,3,4),(105,NULL,13,3,4),(105,NULL,1,4,4),(105,NULL,2,4,4),(105,NULL,3,4,4),(105,NULL,4,4,4),(105,NULL,5,4,4),(105,NULL,6,4,4),(105,NULL,7,4,4),(105,NULL,8,4,4),(105,NULL,9,4,4),(105,NULL,10,4,4),(105,NULL,11,4,4),(105,NULL,12,4,4),(105,NULL,13,4,4),(105,NULL,1,5,4),(105,NULL,2,5,4),(105,NULL,3,5,4),(105,NULL,4,5,4),(105,NULL,5,5,4),(105,NULL,6,5,4),(105,NULL,7,5,4),(105,NULL,8,5,4),(105,NULL,9,5,4),(105,NULL,10,5,4),(105,NULL,11,5,4),(105,NULL,12,5,4),(105,NULL,13,5,4),(105,NULL,1,1,5),(105,NULL,2,1,5),(105,NULL,3,1,5),(105,NULL,4,1,5),(105,NULL,5,1,5),(105,NULL,6,1,5),(105,NULL,7,1,5),(105,NULL,8,1,5),(105,NULL,9,1,5),(105,NULL,10,1,5),(105,NULL,11,1,5),(105,NULL,12,1,5),(105,NULL,13,1,5),(105,NULL,1,2,5),(105,NULL,2,2,5),(105,NULL,3,2,5),(105,NULL,4,2,5),(105,NULL,5,2,5),(105,NULL,6,2,5),(105,NULL,7,2,5),(105,NULL,8,2,5),(105,NULL,9,2,5),(105,NULL,10,2,5),(105,NULL,11,2,5),(105,NULL,12,2,5),(105,NULL,13,2,5),(105,NULL,1,3,5),(105,NULL,2,3,5),(105,NULL,3,3,5),(105,NULL,4,3,5),(105,NULL,5,3,5),(105,NULL,6,3,5),(105,NULL,7,3,5),(105,NULL,8,3,5),(105,NULL,9,3,5),(105,NULL,10,3,5),(105,NULL,11,3,5),(105,NULL,12,3,5),(105,NULL,13,3,5),(105,NULL,1,4,5),(105,NULL,2,4,5),(105,NULL,3,4,5),(105,NULL,4,4,5),(105,NULL,5,4,5),(105,NULL,6,4,5),(105,NULL,7,4,5),(105,NULL,8,4,5),(105,NULL,9,4,5),(105,NULL,10,4,5),(105,NULL,11,4,5),(105,NULL,12,4,5),(105,NULL,13,4,5),(105,NULL,1,5,5),(105,NULL,2,5,5),(105,NULL,3,5,5),(105,NULL,4,5,5),(105,NULL,5,5,5),(105,NULL,6,5,5),(105,NULL,7,5,5),(105,NULL,8,5,5),(105,NULL,9,5,5),(105,NULL,10,5,5),(105,NULL,11,5,5),(105,NULL,12,5,5),(105,NULL,13,5,5),(105,NULL,1,1,6),(105,NULL,2,1,6),(105,NULL,3,1,6),(105,NULL,4,1,6),(105,NULL,5,1,6),(105,NULL,6,1,6),(105,NULL,7,1,6),(105,NULL,8,1,6),(105,NULL,9,1,6),(105,NULL,10,1,6),(105,NULL,11,1,6),(105,NULL,12,1,6),(105,NULL,13,1,6),(105,NULL,1,2,6),(105,NULL,2,2,6),(105,NULL,3,2,6),(105,NULL,4,2,6),(105,NULL,5,2,6),(105,NULL,6,2,6),(105,NULL,7,2,6),(105,NULL,8,2,6),(105,NULL,9,2,6),(105,NULL,10,2,6),(105,NULL,11,2,6),(105,NULL,12,2,6),(105,NULL,13,2,6),(105,NULL,1,3,6),(105,NULL,2,3,6),(105,NULL,3,3,6),(105,NULL,4,3,6),(105,NULL,5,3,6),(105,NULL,6,3,6),(105,NULL,7,3,6),(105,NULL,8,3,6),(105,NULL,9,3,6),(105,NULL,10,3,6),(105,NULL,11,3,6),(105,NULL,12,3,6),(105,NULL,13,3,6),(105,NULL,1,4,6),(105,NULL,2,4,6),(105,NULL,3,4,6),(105,NULL,4,4,6),(105,NULL,5,4,6),(105,NULL,6,4,6),(105,NULL,7,4,6),(105,NULL,8,4,6),(105,NULL,9,4,6),(105,NULL,10,4,6),(105,NULL,11,4,6),(105,NULL,12,4,6),(105,NULL,13,4,6),(105,NULL,1,5,6),(105,NULL,2,5,6),(105,NULL,3,5,6),(105,NULL,4,5,6),(105,NULL,5,5,6),(105,NULL,6,5,6),(105,NULL,7,5,6),(105,NULL,8,5,6),(105,NULL,9,5,6),(105,NULL,10,5,6),(105,NULL,11,5,6),(105,NULL,12,5,6),(105,NULL,13,5,6),(105,NULL,1,1,7),(105,NULL,2,1,7),(105,NULL,3,1,7),(105,NULL,4,1,7),(105,NULL,5,1,7),(105,NULL,6,1,7),(105,NULL,7,1,7),(105,NULL,8,1,7),(105,NULL,9,1,7),(105,NULL,10,1,7),(105,NULL,11,1,7),(105,NULL,12,1,7),(105,NULL,13,1,7),(105,NULL,1,2,7),(105,NULL,2,2,7),(105,NULL,3,2,7),(105,NULL,4,2,7),(105,NULL,5,2,7),(105,NULL,6,2,7),(105,NULL,7,2,7),(105,NULL,8,2,7),(105,NULL,9,2,7),(105,NULL,10,2,7),(105,NULL,11,2,7),(105,NULL,12,2,7),(105,NULL,13,2,7),(105,NULL,1,3,7),(105,NULL,2,3,7),(105,NULL,3,3,7),(105,NULL,4,3,7),(105,NULL,5,3,7),(105,NULL,6,3,7),(105,NULL,7,3,7),(105,NULL,8,3,7),(105,NULL,9,3,7),(105,NULL,10,3,7),(105,NULL,11,3,7),(105,NULL,12,3,7),(105,NULL,13,3,7),(105,NULL,1,4,7),(105,NULL,2,4,7),(105,NULL,3,4,7),(105,NULL,4,4,7),(105,NULL,5,4,7),(105,NULL,6,4,7),(105,NULL,7,4,7),(105,NULL,8,4,7),(105,NULL,9,4,7),(105,NULL,10,4,7),(105,NULL,11,4,7),(105,NULL,12,4,7),(105,NULL,13,4,7),(105,NULL,1,5,7),(105,NULL,2,5,7),(105,NULL,3,5,7),(105,NULL,4,5,7),(105,NULL,5,5,7),(105,NULL,6,5,7),(105,NULL,7,5,7),(105,NULL,8,5,7),(105,NULL,9,5,7),(105,NULL,10,5,7),(105,NULL,11,5,7),(105,NULL,12,5,7),(105,NULL,13,5,7),(105,NULL,1,1,8),(105,NULL,2,1,8),(105,NULL,3,1,8),(105,NULL,4,1,8),(105,NULL,5,1,8),(105,NULL,6,1,8),(105,NULL,7,1,8),(105,NULL,8,1,8),(105,NULL,9,1,8),(105,NULL,10,1,8),(105,NULL,11,1,8),(105,NULL,12,1,8),(105,NULL,13,1,8),(105,NULL,1,2,8),(105,NULL,2,2,8),(105,NULL,3,2,8),(105,NULL,4,2,8),(105,NULL,5,2,8),(105,NULL,6,2,8),(105,NULL,7,2,8),(105,NULL,8,2,8),(105,NULL,9,2,8),(105,NULL,10,2,8),(105,NULL,11,2,8),(105,NULL,12,2,8),(105,NULL,13,2,8),(105,NULL,1,3,8),(105,NULL,2,3,8),(105,NULL,3,3,8),(105,NULL,4,3,8),(105,NULL,5,3,8),(105,NULL,6,3,8),(105,NULL,7,3,8),(105,NULL,8,3,8),(105,NULL,9,3,8),(105,NULL,10,3,8),(105,NULL,11,3,8),(105,NULL,12,3,8),(105,NULL,13,3,8),(105,NULL,1,4,8),(105,NULL,2,4,8),(105,NULL,3,4,8),(105,NULL,4,4,8),(105,NULL,5,4,8),(105,NULL,6,4,8),(105,NULL,7,4,8),(105,NULL,8,4,8),(105,NULL,9,4,8),(105,NULL,10,4,8),(105,NULL,11,4,8),(105,NULL,12,4,8),(105,NULL,13,4,8),(105,NULL,1,5,8),(105,NULL,2,5,8),(105,NULL,3,5,8),(105,NULL,4,5,8),(105,NULL,5,5,8),(105,NULL,6,5,8),(105,NULL,7,5,8),(105,NULL,8,5,8),(105,NULL,9,5,8),(105,NULL,10,5,8),(105,NULL,11,5,8),(105,NULL,12,5,8),(105,NULL,13,5,8),(105,NULL,1,1,9),(105,NULL,2,1,9),(105,NULL,3,1,9),(105,NULL,4,1,9),(105,NULL,5,1,9),(105,NULL,6,1,9),(105,NULL,7,1,9),(105,NULL,8,1,9),(105,NULL,9,1,9),(105,NULL,10,1,9),(105,NULL,11,1,9),(105,NULL,12,1,9),(105,NULL,13,1,9),(105,NULL,1,2,9),(105,NULL,2,2,9),(105,NULL,3,2,9),(105,NULL,4,2,9),(105,NULL,5,2,9),(105,NULL,6,2,9),(105,NULL,7,2,9),(105,NULL,8,2,9),(105,NULL,9,2,9),(105,NULL,10,2,9),(105,NULL,11,2,9),(105,NULL,12,2,9),(105,NULL,13,2,9),(105,NULL,1,3,9),(105,NULL,2,3,9),(105,NULL,3,3,9),(105,NULL,4,3,9),(105,NULL,5,3,9),(105,NULL,6,3,9),(105,NULL,7,3,9),(105,NULL,8,3,9),(105,NULL,9,3,9),(105,NULL,10,3,9),(105,NULL,11,3,9),(105,NULL,12,3,9),(105,NULL,13,3,9),(105,NULL,1,4,9),(105,NULL,2,4,9),(105,NULL,3,4,9),(105,NULL,4,4,9),(105,NULL,5,4,9),(105,NULL,6,4,9),(105,NULL,7,4,9),(105,NULL,8,4,9),(105,NULL,9,4,9),(105,NULL,10,4,9),(105,NULL,11,4,9),(105,NULL,12,4,9),(105,NULL,13,4,9),(105,NULL,1,5,9),(105,NULL,2,5,9),(105,NULL,3,5,9),(105,NULL,4,5,9),(105,NULL,5,5,9),(105,NULL,6,5,9),(105,NULL,7,5,9),(105,NULL,8,5,9),(105,NULL,9,5,9),(105,NULL,10,5,9),(105,NULL,11,5,9),(105,NULL,12,5,9),(105,NULL,13,5,9),(105,NULL,1,1,10),(105,NULL,2,1,10),(105,NULL,3,1,10),(105,NULL,4,1,10),(105,NULL,5,1,10),(105,NULL,6,1,10),(105,NULL,7,1,10),(105,NULL,8,1,10),(105,NULL,9,1,10),(105,NULL,10,1,10),(105,NULL,11,1,10),(105,NULL,12,1,10),(105,NULL,13,1,10),(105,NULL,1,2,10),(105,NULL,2,2,10),(105,NULL,3,2,10),(105,NULL,4,2,10),(105,NULL,5,2,10),(105,NULL,6,2,10),(105,NULL,7,2,10),(105,NULL,8,2,10),(105,NULL,9,2,10),(105,NULL,10,2,10),(105,NULL,11,2,10),(105,NULL,12,2,10),(105,NULL,13,2,10),(105,NULL,1,3,10),(105,NULL,2,3,10),(105,NULL,3,3,10),(105,NULL,4,3,10),(105,NULL,5,3,10),(105,NULL,6,3,10),(105,NULL,7,3,10),(105,NULL,8,3,10),(105,NULL,9,3,10),(105,NULL,10,3,10),(105,NULL,11,3,10),(105,NULL,12,3,10),(105,NULL,13,3,10),(105,NULL,1,4,10),(105,NULL,2,4,10),(105,NULL,3,4,10),(105,NULL,4,4,10),(105,NULL,5,4,10),(105,NULL,6,4,10),(105,NULL,7,4,10),(105,NULL,8,4,10),(105,NULL,9,4,10),(105,NULL,10,4,10),(105,NULL,11,4,10),(105,NULL,12,4,10),(105,NULL,13,4,10),(105,NULL,1,5,10),(105,NULL,2,5,10),(105,NULL,3,5,10),(105,NULL,4,5,10),(105,NULL,5,5,10),(105,NULL,6,5,10),(105,NULL,7,5,10),(105,NULL,8,5,10),(105,NULL,9,5,10),(105,NULL,10,5,10),(105,NULL,11,5,10),(105,NULL,12,5,10),(105,NULL,13,5,10),(105,NULL,1,1,11),(105,NULL,2,1,11),(105,NULL,3,1,11),(105,NULL,4,1,11),(105,NULL,5,1,11),(105,NULL,6,1,11),(105,NULL,7,1,11),(105,NULL,8,1,11),(105,NULL,9,1,11),(105,NULL,10,1,11),(105,NULL,11,1,11),(105,NULL,12,1,11),(105,NULL,13,1,11),(105,NULL,1,2,11),(105,NULL,2,2,11),(105,NULL,3,2,11),(105,NULL,4,2,11),(105,NULL,5,2,11),(105,NULL,6,2,11),(105,NULL,7,2,11),(105,NULL,8,2,11),(105,NULL,9,2,11),(105,NULL,10,2,11),(105,NULL,11,2,11),(105,NULL,12,2,11),(105,NULL,13,2,11),(105,NULL,1,3,11),(105,NULL,2,3,11),(105,NULL,3,3,11),(105,NULL,4,3,11),(105,NULL,5,3,11),(105,NULL,6,3,11),(105,NULL,7,3,11),(105,NULL,8,3,11),(105,NULL,9,3,11),(105,NULL,10,3,11),(105,NULL,11,3,11),(105,NULL,12,3,11),(105,NULL,13,3,11),(105,NULL,1,4,11),(105,NULL,2,4,11),(105,NULL,3,4,11),(105,NULL,4,4,11),(105,NULL,5,4,11),(105,NULL,6,4,11),(105,NULL,7,4,11),(105,NULL,8,4,11),(105,NULL,9,4,11),(105,NULL,10,4,11),(105,NULL,11,4,11),(105,NULL,12,4,11),(105,NULL,13,4,11),(105,NULL,1,5,11),(105,NULL,2,5,11),(105,NULL,3,5,11),(105,NULL,4,5,11),(105,NULL,5,5,11),(105,NULL,6,5,11),(105,NULL,7,5,11),(105,NULL,8,5,11),(105,NULL,9,5,11),(105,NULL,10,5,11),(105,NULL,11,5,11),(105,NULL,12,5,11),(105,NULL,13,5,11),(105,NULL,1,1,12),(105,NULL,2,1,12),(105,NULL,3,1,12),(105,NULL,4,1,12),(105,NULL,5,1,12),(105,NULL,6,1,12),(105,NULL,7,1,12),(105,NULL,8,1,12),(105,NULL,9,1,12),(105,NULL,10,1,12),(105,NULL,11,1,12),(105,NULL,12,1,12),(105,NULL,13,1,12),(105,NULL,1,2,12),(105,NULL,2,2,12),(105,NULL,3,2,12),(105,NULL,4,2,12),(105,NULL,5,2,12),(105,NULL,6,2,12),(105,NULL,7,2,12),(105,NULL,8,2,12),(105,NULL,9,2,12),(105,NULL,10,2,12),(105,NULL,11,2,12),(105,NULL,12,2,12),(105,NULL,13,2,12),(105,NULL,1,3,12),(105,NULL,2,3,12),(105,NULL,3,3,12),(105,NULL,4,3,12),(105,NULL,5,3,12),(105,NULL,6,3,12),(105,NULL,7,3,12),(105,NULL,8,3,12),(105,NULL,9,3,12),(105,NULL,10,3,12),(105,NULL,11,3,12),(105,NULL,12,3,12),(105,NULL,13,3,12),(105,NULL,1,4,12),(105,NULL,2,4,12),(105,NULL,3,4,12),(105,NULL,4,4,12),(105,NULL,5,4,12),(105,NULL,6,4,12),(105,NULL,7,4,12),(105,NULL,8,4,12),(105,NULL,9,4,12),(105,NULL,10,4,12),(105,NULL,11,4,12),(105,NULL,12,4,12),(105,NULL,13,4,12),(105,NULL,1,5,12),(105,NULL,2,5,12),(105,NULL,3,5,12),(105,NULL,4,5,12),(105,NULL,5,5,12),(105,NULL,6,5,12),(105,NULL,7,5,12),(105,NULL,8,5,12),(105,NULL,9,5,12),(105,NULL,10,5,12),(105,NULL,11,5,12),(105,NULL,12,5,12),(105,NULL,13,5,12),(105,NULL,1,1,13),(105,NULL,2,1,13),(105,NULL,3,1,13),(105,NULL,4,1,13),(105,NULL,5,1,13),(105,NULL,6,1,13),(105,NULL,7,1,13),(105,NULL,8,1,13),(105,NULL,9,1,13),(105,NULL,10,1,13),(105,NULL,11,1,13),(105,NULL,12,1,13),(105,NULL,13,1,13),(105,NULL,1,2,13),(105,NULL,2,2,13),(105,NULL,3,2,13),(105,NULL,4,2,13),(105,NULL,5,2,13),(105,NULL,6,2,13),(105,NULL,7,2,13),(105,NULL,8,2,13),(105,NULL,9,2,13),(105,NULL,10,2,13),(105,NULL,11,2,13),(105,NULL,12,2,13),(105,NULL,13,2,13),(105,NULL,1,3,13),(105,NULL,2,3,13),(105,NULL,3,3,13),(105,NULL,4,3,13),(105,NULL,5,3,13),(105,NULL,6,3,13),(105,NULL,7,3,13),(105,NULL,8,3,13),(105,NULL,9,3,13),(105,NULL,10,3,13),(105,NULL,11,3,13),(105,NULL,12,3,13),(105,NULL,13,3,13),(105,NULL,1,4,13),(105,NULL,2,4,13),(105,NULL,3,4,13),(105,NULL,4,4,13),(105,NULL,5,4,13),(105,NULL,6,4,13),(105,NULL,7,4,13),(105,NULL,8,4,13),(105,NULL,9,4,13),(105,NULL,10,4,13),(105,NULL,11,4,13),(105,NULL,12,4,13),(105,NULL,13,4,13),(105,NULL,1,5,13),(105,NULL,2,5,13),(105,NULL,3,5,13),(105,NULL,4,5,13),(105,NULL,5,5,13),(105,NULL,6,5,13),(105,NULL,7,5,13),(105,NULL,8,5,13),(105,NULL,9,5,13),(105,NULL,10,5,13),(105,NULL,11,5,13),(105,NULL,12,5,13),(105,NULL,13,5,13),(105,NULL,1,1,14),(105,NULL,2,1,14),(105,NULL,3,1,14),(105,NULL,4,1,14),(105,NULL,5,1,14),(105,NULL,6,1,14),(105,NULL,7,1,14),(105,NULL,8,1,14),(105,NULL,9,1,14),(105,NULL,10,1,14),(105,NULL,11,1,14),(105,NULL,12,1,14),(105,NULL,13,1,14),(105,NULL,1,2,14),(105,NULL,2,2,14),(105,NULL,3,2,14),(105,NULL,4,2,14),(105,NULL,5,2,14),(105,NULL,6,2,14),(105,NULL,7,2,14),(105,NULL,8,2,14),(105,NULL,9,2,14),(105,NULL,10,2,14),(105,NULL,11,2,14),(105,NULL,12,2,14),(105,NULL,13,2,14),(105,NULL,1,3,14),(105,NULL,2,3,14),(105,NULL,3,3,14),(105,NULL,4,3,14),(105,NULL,5,3,14),(105,NULL,6,3,14),(105,NULL,7,3,14),(105,NULL,8,3,14),(105,NULL,9,3,14),(105,NULL,10,3,14),(105,NULL,11,3,14),(105,NULL,12,3,14),(105,NULL,13,3,14),(105,NULL,1,4,14),(105,NULL,2,4,14),(105,NULL,3,4,14),(105,NULL,4,4,14),(105,NULL,5,4,14),(105,NULL,6,4,14),(105,NULL,7,4,14),(105,NULL,8,4,14),(105,NULL,9,4,14),(105,NULL,10,4,14),(105,NULL,11,4,14),(105,NULL,12,4,14),(105,NULL,13,4,14),(105,NULL,1,5,14),(105,NULL,2,5,14),(105,NULL,3,5,14),(105,NULL,4,5,14),(105,NULL,5,5,14),(105,NULL,6,5,14),(105,NULL,7,5,14),(105,NULL,8,5,14),(105,NULL,9,5,14),(105,NULL,10,5,14),(105,NULL,11,5,14),(105,NULL,12,5,14),(105,NULL,13,5,14),(105,NULL,1,1,15),(105,NULL,2,1,15),(105,NULL,3,1,15),(105,NULL,4,1,15),(105,NULL,5,1,15),(105,NULL,6,1,15),(105,NULL,7,1,15),(105,NULL,8,1,15),(105,NULL,9,1,15),(105,NULL,10,1,15),(105,NULL,11,1,15),(105,NULL,12,1,15),(105,NULL,13,1,15),(105,NULL,1,2,15),(105,NULL,2,2,15),(105,NULL,3,2,15),(105,NULL,4,2,15),(105,NULL,5,2,15),(105,NULL,6,2,15),(105,NULL,7,2,15),(105,NULL,8,2,15),(105,NULL,9,2,15),(105,NULL,10,2,15),(105,NULL,11,2,15),(105,NULL,12,2,15),(105,NULL,13,2,15),(105,NULL,1,3,15),(105,NULL,2,3,15),(105,NULL,3,3,15),(105,NULL,4,3,15),(105,NULL,5,3,15),(105,NULL,6,3,15),(105,NULL,7,3,15),(105,NULL,8,3,15),(105,NULL,9,3,15),(105,NULL,10,3,15),(105,NULL,11,3,15),(105,NULL,12,3,15),(105,NULL,13,3,15),(105,NULL,1,4,15),(105,NULL,2,4,15),(105,NULL,3,4,15),(105,NULL,4,4,15),(105,NULL,5,4,15),(105,NULL,6,4,15),(105,NULL,7,4,15),(105,NULL,8,4,15),(105,NULL,9,4,15),(105,NULL,10,4,15),(105,NULL,11,4,15),(105,NULL,12,4,15),(105,NULL,13,4,15),(105,NULL,1,5,15),(105,NULL,2,5,15),(105,NULL,3,5,15),(105,NULL,4,5,15),(105,NULL,5,5,15),(105,NULL,6,5,15),(105,NULL,7,5,15),(105,NULL,8,5,15),(105,NULL,9,5,15),(105,NULL,10,5,15),(105,NULL,11,5,15),(105,NULL,12,5,15),(105,NULL,13,5,15),(105,NULL,1,1,16),(105,NULL,2,1,16),(105,NULL,3,1,16),(105,NULL,4,1,16),(105,NULL,5,1,16),(105,NULL,6,1,16),(105,NULL,7,1,16),(105,NULL,8,1,16),(105,NULL,9,1,16),(105,NULL,10,1,16),(105,NULL,11,1,16),(105,NULL,12,1,16),(105,NULL,13,1,16),(105,NULL,1,2,16),(105,NULL,2,2,16),(105,NULL,3,2,16),(105,NULL,4,2,16),(105,NULL,5,2,16),(105,NULL,6,2,16),(105,NULL,7,2,16),(105,NULL,8,2,16),(105,NULL,9,2,16),(105,NULL,10,2,16),(105,NULL,11,2,16),(105,NULL,12,2,16),(105,NULL,13,2,16),(105,NULL,1,3,16),(105,NULL,2,3,16),(105,NULL,3,3,16),(105,NULL,4,3,16),(105,NULL,5,3,16),(105,NULL,6,3,16),(105,NULL,7,3,16),(105,NULL,8,3,16),(105,NULL,9,3,16),(105,NULL,10,3,16),(105,NULL,11,3,16),(105,NULL,12,3,16),(105,NULL,13,3,16),(105,NULL,1,4,16),(105,NULL,2,4,16),(105,NULL,3,4,16),(105,NULL,4,4,16),(105,NULL,5,4,16),(105,NULL,6,4,16),(105,NULL,7,4,16),(105,NULL,8,4,16),(105,NULL,9,4,16),(105,NULL,10,4,16),(105,NULL,11,4,16),(105,NULL,12,4,16),(105,NULL,13,4,16),(105,NULL,1,5,16),(105,NULL,2,5,16),(105,NULL,3,5,16),(105,NULL,4,5,16),(105,NULL,5,5,16),(105,NULL,6,5,16),(105,NULL,7,5,16),(105,NULL,8,5,16),(105,NULL,9,5,16),(105,NULL,10,5,16),(105,NULL,11,5,16),(105,NULL,12,5,16),(105,NULL,13,5,16),(105,NULL,1,1,17),(105,NULL,2,1,17),(105,NULL,3,1,17),(105,NULL,4,1,17),(105,NULL,5,1,17),(105,NULL,6,1,17),(105,NULL,7,1,17),(105,NULL,8,1,17),(105,NULL,9,1,17),(105,NULL,10,1,17),(105,NULL,11,1,17),(105,NULL,12,1,17),(105,NULL,13,1,17),(105,NULL,1,2,17),(105,NULL,2,2,17),(105,NULL,3,2,17),(105,NULL,4,2,17),(105,NULL,5,2,17),(105,NULL,6,2,17),(105,NULL,7,2,17),(105,NULL,8,2,17),(105,NULL,9,2,17),(105,NULL,10,2,17),(105,NULL,11,2,17),(105,NULL,12,2,17),(105,NULL,13,2,17),(105,NULL,1,3,17),(105,NULL,2,3,17),(105,NULL,3,3,17),(105,NULL,4,3,17),(105,NULL,5,3,17),(105,NULL,6,3,17),(105,NULL,7,3,17),(105,NULL,8,3,17),(105,NULL,9,3,17),(105,NULL,10,3,17),(105,NULL,11,3,17),(105,NULL,12,3,17),(105,NULL,13,3,17),(105,NULL,1,4,17),(105,NULL,2,4,17),(105,NULL,3,4,17),(105,NULL,4,4,17),(105,NULL,5,4,17),(105,NULL,6,4,17),(105,NULL,7,4,17),(105,NULL,8,4,17),(105,NULL,9,4,17),(105,NULL,10,4,17),(105,NULL,11,4,17),(105,NULL,12,4,17),(105,NULL,13,4,17),(105,NULL,1,5,17),(105,NULL,2,5,17),(105,NULL,3,5,17),(105,NULL,4,5,17),(105,NULL,5,5,17),(105,NULL,6,5,17),(105,NULL,7,5,17),(105,NULL,8,5,17),(105,NULL,9,5,17),(105,NULL,10,5,17),(105,NULL,11,5,17),(105,NULL,12,5,17),(105,NULL,13,5,17),(105,NULL,1,1,18),(105,NULL,2,1,18),(105,NULL,3,1,18),(105,NULL,4,1,18),(105,NULL,5,1,18),(105,NULL,6,1,18),(105,NULL,7,1,18),(105,NULL,8,1,18),(105,NULL,9,1,18),(105,NULL,10,1,18),(105,NULL,11,1,18),(105,NULL,12,1,18),(105,NULL,13,1,18),(105,NULL,1,2,18),(105,NULL,2,2,18),(105,NULL,3,2,18),(105,NULL,4,2,18),(105,NULL,5,2,18),(105,NULL,6,2,18),(105,NULL,7,2,18),(105,NULL,8,2,18),(105,NULL,9,2,18),(105,NULL,10,2,18),(105,NULL,11,2,18),(105,NULL,12,2,18),(105,NULL,13,2,18),(105,NULL,1,3,18),(105,NULL,2,3,18),(105,NULL,3,3,18),(105,NULL,4,3,18),(105,NULL,5,3,18),(105,NULL,6,3,18),(105,NULL,7,3,18),(105,NULL,8,3,18),(105,NULL,9,3,18),(105,NULL,10,3,18),(105,NULL,11,3,18),(105,NULL,12,3,18),(105,NULL,13,3,18),(105,NULL,1,4,18),(105,NULL,2,4,18),(105,NULL,3,4,18),(105,NULL,4,4,18),(105,NULL,5,4,18),(105,NULL,6,4,18),(105,NULL,7,4,18),(105,NULL,8,4,18),(105,NULL,9,4,18),(105,NULL,10,4,18),(105,NULL,11,4,18),(105,NULL,12,4,18),(105,NULL,13,4,18),(105,NULL,1,5,18),(105,NULL,2,5,18),(105,NULL,3,5,18),(105,NULL,4,5,18),(105,NULL,5,5,18),(105,NULL,6,5,18),(105,NULL,7,5,18),(105,NULL,8,5,18),(105,NULL,9,5,18),(105,NULL,10,5,18),(105,NULL,11,5,18),(105,NULL,12,5,18),(105,NULL,13,5,18),(105,NULL,1,1,19),(105,NULL,2,1,19),(105,NULL,3,1,19),(105,NULL,4,1,19),(105,NULL,5,1,19),(105,NULL,6,1,19),(105,NULL,7,1,19),(105,NULL,8,1,19),(105,NULL,9,1,19),(105,NULL,10,1,19),(105,NULL,11,1,19),(105,NULL,12,1,19),(105,NULL,13,1,19),(105,NULL,1,2,19),(105,NULL,2,2,19),(105,NULL,3,2,19),(105,NULL,4,2,19),(105,NULL,5,2,19),(105,NULL,6,2,19),(105,NULL,7,2,19),(105,NULL,8,2,19),(105,NULL,9,2,19),(105,NULL,10,2,19),(105,NULL,11,2,19),(105,NULL,12,2,19),(105,NULL,13,2,19),(105,NULL,1,3,19),(105,NULL,2,3,19),(105,NULL,3,3,19),(105,NULL,4,3,19),(105,NULL,5,3,19),(105,NULL,6,3,19),(105,NULL,7,3,19),(105,NULL,8,3,19),(105,NULL,9,3,19),(105,NULL,10,3,19),(105,NULL,11,3,19),(105,NULL,12,3,19),(105,NULL,13,3,19),(105,NULL,1,4,19),(105,NULL,2,4,19),(105,NULL,3,4,19),(105,NULL,4,4,19),(105,NULL,5,4,19),(105,NULL,6,4,19),(105,NULL,7,4,19),(105,NULL,8,4,19),(105,NULL,9,4,19),(105,NULL,10,4,19),(105,NULL,11,4,19),(105,NULL,12,4,19),(105,NULL,13,4,19),(105,NULL,1,5,19),(105,NULL,2,5,19),(105,NULL,3,5,19),(105,NULL,4,5,19),(105,NULL,5,5,19),(105,NULL,6,5,19),(105,NULL,7,5,19),(105,NULL,8,5,19),(105,NULL,9,5,19),(105,NULL,10,5,19),(105,NULL,11,5,19),(105,NULL,12,5,19),(105,NULL,13,5,19),(105,NULL,1,1,20),(105,NULL,2,1,20),(105,NULL,3,1,20),(105,NULL,4,1,20),(105,NULL,5,1,20),(105,NULL,6,1,20),(105,NULL,7,1,20),(105,NULL,8,1,20),(105,NULL,9,1,20),(105,NULL,10,1,20),(105,NULL,11,1,20),(105,NULL,12,1,20),(105,NULL,13,1,20),(105,NULL,1,2,20),(105,NULL,2,2,20),(105,NULL,3,2,20),(105,NULL,4,2,20),(105,NULL,5,2,20),(105,NULL,6,2,20),(105,NULL,7,2,20),(105,NULL,8,2,20),(105,NULL,9,2,20),(105,NULL,10,2,20),(105,NULL,11,2,20),(105,NULL,12,2,20),(105,NULL,13,2,20),(105,NULL,1,3,20),(105,NULL,2,3,20),(105,NULL,3,3,20),(105,NULL,4,3,20),(105,NULL,5,3,20),(105,NULL,6,3,20),(105,NULL,7,3,20),(105,NULL,8,3,20),(105,NULL,9,3,20),(105,NULL,10,3,20),(105,NULL,11,3,20),(105,NULL,12,3,20),(105,NULL,13,3,20),(105,NULL,1,4,20),(105,NULL,2,4,20),(105,NULL,3,4,20),(105,NULL,4,4,20),(105,NULL,5,4,20),(105,NULL,6,4,20),(105,NULL,7,4,20),(105,NULL,8,4,20),(105,NULL,9,4,20),(105,NULL,10,4,20),(105,NULL,11,4,20),(105,NULL,12,4,20),(105,NULL,13,4,20),(105,NULL,1,5,20),(105,NULL,2,5,20),(105,NULL,3,5,20),(105,NULL,4,5,20),(105,NULL,5,5,20),(105,NULL,6,5,20),(105,NULL,7,5,20),(105,NULL,8,5,20),(105,NULL,9,5,20),(105,NULL,10,5,20),(105,NULL,11,5,20),(105,NULL,12,5,20),(105,NULL,13,5,20),(105,NULL,1,1,21),(105,NULL,2,1,21),(105,NULL,3,1,21),(105,NULL,4,1,21),(105,NULL,5,1,21),(105,NULL,6,1,21),(105,NULL,7,1,21),(105,NULL,8,1,21),(105,NULL,9,1,21),(105,NULL,10,1,21),(105,NULL,11,1,21),(105,NULL,12,1,21),(105,NULL,13,1,21),(105,NULL,1,2,21),(105,NULL,2,2,21),(105,NULL,3,2,21),(105,NULL,4,2,21),(105,NULL,5,2,21),(105,NULL,6,2,21),(105,NULL,7,2,21),(105,NULL,8,2,21),(105,NULL,9,2,21),(105,NULL,10,2,21),(105,NULL,11,2,21),(105,NULL,12,2,21),(105,NULL,13,2,21),(105,NULL,1,3,21),(105,NULL,2,3,21),(105,NULL,3,3,21),(105,NULL,4,3,21),(105,NULL,5,3,21),(105,NULL,6,3,21),(105,NULL,7,3,21),(105,NULL,8,3,21),(105,NULL,9,3,21),(105,NULL,10,3,21),(105,NULL,11,3,21),(105,NULL,12,3,21),(105,NULL,13,3,21),(105,NULL,1,4,21),(105,NULL,2,4,21),(105,NULL,3,4,21),(105,NULL,4,4,21),(105,NULL,5,4,21),(105,NULL,6,4,21),(105,NULL,7,4,21),(105,NULL,8,4,21),(105,NULL,9,4,21),(105,NULL,10,4,21),(105,NULL,11,4,21),(105,NULL,12,4,21),(105,NULL,13,4,21),(105,NULL,1,5,21),(105,NULL,2,5,21),(105,NULL,3,5,21),(105,NULL,4,5,21),(105,NULL,5,5,21),(105,NULL,6,5,21),(105,NULL,7,5,21),(105,NULL,8,5,21),(105,NULL,9,5,21),(105,NULL,10,5,21),(105,NULL,11,5,21),(105,NULL,12,5,21),(105,NULL,13,5,21),(105,NULL,1,1,22),(105,NULL,2,1,22),(105,NULL,3,1,22),(105,NULL,4,1,22),(105,NULL,5,1,22),(105,NULL,6,1,22),(105,NULL,7,1,22),(105,NULL,8,1,22),(105,NULL,9,1,22),(105,NULL,10,1,22),(105,NULL,11,1,22),(105,NULL,12,1,22),(105,NULL,13,1,22),(105,NULL,1,2,22),(105,NULL,2,2,22),(105,NULL,3,2,22),(105,NULL,4,2,22),(105,NULL,5,2,22),(105,NULL,6,2,22),(105,NULL,7,2,22),(105,NULL,8,2,22),(105,NULL,9,2,22),(105,NULL,10,2,22),(105,NULL,11,2,22),(105,NULL,12,2,22),(105,NULL,13,2,22),(105,NULL,1,3,22),(105,NULL,2,3,22),(105,NULL,3,3,22),(105,NULL,4,3,22),(105,NULL,5,3,22),(105,NULL,6,3,22),(105,NULL,7,3,22),(105,NULL,8,3,22),(105,NULL,9,3,22),(105,NULL,10,3,22),(105,NULL,11,3,22),(105,NULL,12,3,22),(105,NULL,13,3,22),(105,NULL,1,4,22),(105,NULL,2,4,22),(105,NULL,3,4,22),(105,NULL,4,4,22),(105,NULL,5,4,22),(105,NULL,6,4,22),(105,NULL,7,4,22),(105,NULL,8,4,22),(105,NULL,9,4,22),(105,NULL,10,4,22),(105,NULL,11,4,22),(105,NULL,12,4,22),(105,NULL,13,4,22),(105,NULL,1,5,22),(105,NULL,2,5,22),(105,NULL,3,5,22),(105,NULL,4,5,22),(105,NULL,5,5,22),(105,NULL,6,5,22),(105,NULL,7,5,22),(105,NULL,8,5,22),(105,NULL,9,5,22),(105,NULL,10,5,22),(105,NULL,11,5,22),(105,NULL,12,5,22),(105,NULL,13,5,22),(105,NULL,1,1,23),(105,NULL,2,1,23),(105,NULL,3,1,23),(105,NULL,4,1,23),(105,NULL,5,1,23),(105,NULL,6,1,23),(105,NULL,7,1,23),(105,NULL,8,1,23),(105,NULL,9,1,23),(105,NULL,10,1,23),(105,NULL,11,1,23),(105,NULL,12,1,23),(105,NULL,13,1,23),(105,NULL,1,2,23),(105,NULL,2,2,23),(105,NULL,3,2,23),(105,NULL,4,2,23),(105,NULL,5,2,23),(105,NULL,6,2,23),(105,NULL,7,2,23),(105,NULL,8,2,23),(105,NULL,9,2,23),(105,NULL,10,2,23),(105,NULL,11,2,23),(105,NULL,12,2,23),(105,NULL,13,2,23),(105,NULL,1,3,23),(105,NULL,2,3,23),(105,NULL,3,3,23),(105,NULL,4,3,23),(105,NULL,5,3,23),(105,NULL,6,3,23),(105,NULL,7,3,23),(105,NULL,8,3,23),(105,NULL,9,3,23),(105,NULL,10,3,23),(105,NULL,11,3,23),(105,NULL,12,3,23),(105,NULL,13,3,23),(105,NULL,1,4,23),(105,NULL,2,4,23),(105,NULL,3,4,23),(105,NULL,4,4,23),(105,NULL,5,4,23),(105,NULL,6,4,23),(105,NULL,7,4,23),(105,NULL,8,4,23),(105,NULL,9,4,23),(105,NULL,10,4,23),(105,NULL,11,4,23),(105,NULL,12,4,23),(105,NULL,13,4,23),(105,NULL,1,5,23),(105,NULL,2,5,23),(105,NULL,3,5,23),(105,NULL,4,5,23),(105,NULL,5,5,23),(105,NULL,6,5,23),(105,NULL,7,5,23),(105,NULL,8,5,23),(105,NULL,9,5,23),(105,NULL,10,5,23),(105,NULL,11,5,23),(105,NULL,12,5,23),(105,NULL,13,5,23),(105,NULL,1,1,24),(105,NULL,2,1,24),(105,NULL,3,1,24),(105,NULL,4,1,24),(105,NULL,5,1,24),(105,NULL,6,1,24),(105,NULL,7,1,24),(105,NULL,8,1,24),(105,NULL,9,1,24),(105,NULL,10,1,24),(105,NULL,11,1,24),(105,NULL,12,1,24),(105,NULL,13,1,24),(105,NULL,1,2,24),(105,NULL,2,2,24),(105,NULL,3,2,24),(105,NULL,4,2,24),(105,NULL,5,2,24),(105,NULL,6,2,24),(105,NULL,7,2,24),(105,NULL,8,2,24),(105,NULL,9,2,24),(105,NULL,10,2,24),(105,NULL,11,2,24),(105,NULL,12,2,24),(105,NULL,13,2,24),(105,NULL,1,3,24),(105,NULL,2,3,24),(105,NULL,3,3,24),(105,NULL,4,3,24),(105,NULL,5,3,24),(105,NULL,6,3,24),(105,NULL,7,3,24),(105,NULL,8,3,24),(105,NULL,9,3,24),(105,NULL,10,3,24),(105,NULL,11,3,24),(105,NULL,12,3,24),(105,NULL,13,3,24),(105,NULL,1,4,24),(105,NULL,2,4,24),(105,NULL,3,4,24),(105,NULL,4,4,24),(105,NULL,5,4,24),(105,NULL,6,4,24),(105,NULL,7,4,24),(105,NULL,8,4,24),(105,NULL,9,4,24),(105,NULL,10,4,24),(105,NULL,11,4,24),(105,NULL,12,4,24),(105,NULL,13,4,24),(105,NULL,1,5,24),(105,NULL,2,5,24),(105,NULL,3,5,24),(105,NULL,4,5,24),(105,NULL,5,5,24),(105,NULL,6,5,24),(105,NULL,7,5,24),(105,NULL,8,5,24),(105,NULL,9,5,24),(105,NULL,10,5,24),(105,NULL,11,5,24),(105,NULL,12,5,24),(105,NULL,13,5,24),(105,NULL,1,1,25),(105,NULL,2,1,25),(105,NULL,3,1,25),(105,NULL,4,1,25),(105,NULL,5,1,25),(105,NULL,6,1,25),(105,NULL,7,1,25),(105,NULL,8,1,25),(105,NULL,9,1,25),(105,NULL,10,1,25),(105,NULL,11,1,25),(105,NULL,12,1,25),(105,NULL,13,1,25),(105,NULL,1,2,25),(105,NULL,2,2,25),(105,NULL,3,2,25),(105,NULL,4,2,25),(105,NULL,5,2,25),(105,NULL,6,2,25),(105,NULL,7,2,25),(105,NULL,8,2,25),(105,NULL,9,2,25),(105,NULL,10,2,25),(105,NULL,11,2,25),(105,NULL,12,2,25),(105,NULL,13,2,25),(105,NULL,1,3,25),(105,NULL,2,3,25),(105,NULL,3,3,25),(105,NULL,4,3,25),(105,NULL,5,3,25),(105,NULL,6,3,25),(105,NULL,7,3,25),(105,NULL,8,3,25),(105,NULL,9,3,25),(105,NULL,10,3,25),(105,NULL,11,3,25),(105,NULL,12,3,25),(105,NULL,13,3,25),(105,NULL,1,4,25),(105,NULL,2,4,25),(105,NULL,3,4,25),(105,NULL,4,4,25),(105,NULL,5,4,25),(105,NULL,6,4,25),(105,NULL,7,4,25),(105,NULL,8,4,25),(105,NULL,9,4,25),(105,NULL,10,4,25),(105,NULL,11,4,25),(105,NULL,12,4,25),(105,NULL,13,4,25),(105,NULL,1,5,25),(105,NULL,2,5,25),(105,NULL,3,5,25),(105,NULL,4,5,25),(105,NULL,5,5,25),(105,NULL,6,5,25),(105,NULL,7,5,25),(105,NULL,8,5,25),(105,NULL,9,5,25),(105,NULL,10,5,25),(105,NULL,11,5,25),(105,NULL,12,5,25),(105,NULL,13,5,25),(105,NULL,1,1,26),(105,NULL,2,1,26),(105,NULL,3,1,26),(105,NULL,4,1,26),(105,NULL,5,1,26),(105,NULL,6,1,26),(105,NULL,7,1,26),(105,NULL,8,1,26),(105,NULL,9,1,26),(105,NULL,10,1,26),(105,NULL,11,1,26),(105,NULL,12,1,26),(105,NULL,13,1,26),(105,NULL,1,2,26),(105,NULL,2,2,26),(105,NULL,3,2,26),(105,NULL,4,2,26),(105,NULL,5,2,26),(105,NULL,6,2,26),(105,NULL,7,2,26),(105,NULL,8,2,26),(105,NULL,9,2,26),(105,NULL,10,2,26),(105,NULL,11,2,26),(105,NULL,12,2,26),(105,NULL,13,2,26),(105,NULL,1,3,26),(105,NULL,2,3,26),(105,NULL,3,3,26),(105,NULL,4,3,26),(105,NULL,5,3,26),(105,NULL,6,3,26),(105,NULL,7,3,26),(105,NULL,8,3,26),(105,NULL,9,3,26),(105,NULL,10,3,26),(105,NULL,11,3,26),(105,NULL,12,3,26),(105,NULL,13,3,26),(105,NULL,1,4,26),(105,NULL,2,4,26),(105,NULL,3,4,26),(105,NULL,4,4,26),(105,NULL,5,4,26),(105,NULL,6,4,26),(105,NULL,7,4,26),(105,NULL,8,4,26),(105,NULL,9,4,26),(105,NULL,10,4,26),(105,NULL,11,4,26),(105,NULL,12,4,26),(105,NULL,13,4,26),(105,NULL,1,5,26),(105,NULL,2,5,26),(105,NULL,3,5,26),(105,NULL,4,5,26),(105,NULL,5,5,26),(105,NULL,6,5,26),(105,NULL,7,5,26),(105,NULL,8,5,26),(105,NULL,9,5,26),(105,NULL,10,5,26),(105,NULL,11,5,26),(105,NULL,12,5,26),(105,NULL,13,5,26),(105,NULL,1,1,27),(105,NULL,2,1,27),(105,NULL,3,1,27),(105,NULL,4,1,27),(105,NULL,5,1,27),(105,NULL,6,1,27),(105,NULL,7,1,27),(105,NULL,8,1,27),(105,NULL,9,1,27),(105,NULL,10,1,27),(105,NULL,11,1,27),(105,NULL,12,1,27),(105,NULL,13,1,27),(105,NULL,1,2,27),(105,NULL,2,2,27),(105,NULL,3,2,27),(105,NULL,4,2,27),(105,NULL,5,2,27),(105,NULL,6,2,27),(105,NULL,7,2,27),(105,NULL,8,2,27),(105,NULL,9,2,27),(105,NULL,10,2,27),(105,NULL,11,2,27),(105,NULL,12,2,27),(105,NULL,13,2,27),(105,NULL,1,3,27),(105,NULL,2,3,27),(105,NULL,3,3,27),(105,NULL,4,3,27),(105,NULL,5,3,27),(105,NULL,6,3,27),(105,NULL,7,3,27),(105,NULL,8,3,27),(105,NULL,9,3,27),(105,NULL,10,3,27),(105,NULL,11,3,27),(105,NULL,12,3,27),(105,NULL,13,3,27),(105,NULL,1,4,27),(105,NULL,2,4,27),(105,NULL,3,4,27),(105,NULL,4,4,27),(105,NULL,5,4,27),(105,NULL,6,4,27),(105,NULL,7,4,27),(105,NULL,8,4,27),(105,NULL,9,4,27),(105,NULL,10,4,27),(105,NULL,11,4,27),(105,NULL,12,4,27),(105,NULL,13,4,27),(105,NULL,1,5,27),(105,NULL,2,5,27),(105,NULL,3,5,27),(105,NULL,4,5,27),(105,NULL,5,5,27),(105,NULL,6,5,27),(105,NULL,7,5,27),(105,NULL,8,5,27),(105,NULL,9,5,27),(105,NULL,10,5,27),(105,NULL,11,5,27),(105,NULL,12,5,27),(105,NULL,13,5,27),(106,NULL,1,1,1),(106,NULL,2,1,1),(106,NULL,3,1,1),(106,NULL,4,1,1),(106,NULL,5,1,1),(106,NULL,6,1,1),(106,NULL,7,1,1),(106,NULL,8,1,1),(106,NULL,9,1,1),(106,NULL,10,1,1),(106,NULL,11,1,1),(106,NULL,12,1,1),(106,NULL,13,1,1),(106,NULL,1,2,1),(106,NULL,2,2,1),(106,NULL,3,2,1),(106,NULL,4,2,1),(106,NULL,5,2,1),(106,NULL,6,2,1),(106,NULL,7,2,1),(106,NULL,8,2,1),(106,NULL,9,2,1),(106,NULL,10,2,1),(106,NULL,11,2,1),(106,NULL,12,2,1),(106,NULL,13,2,1),(106,NULL,1,3,1),(106,NULL,2,3,1),(106,NULL,3,3,1),(106,NULL,4,3,1),(106,NULL,5,3,1),(106,NULL,6,3,1),(106,NULL,7,3,1),(106,NULL,8,3,1),(106,NULL,9,3,1),(106,NULL,10,3,1),(106,NULL,11,3,1),(106,NULL,12,3,1),(106,NULL,13,3,1),(106,NULL,1,4,1),(106,NULL,2,4,1),(106,NULL,3,4,1),(106,NULL,4,4,1),(106,NULL,5,4,1),(106,NULL,6,4,1),(106,NULL,7,4,1),(106,NULL,8,4,1),(106,NULL,9,4,1),(106,NULL,10,4,1),(106,NULL,11,4,1),(106,NULL,12,4,1),(106,NULL,13,4,1),(106,NULL,1,5,1),(106,NULL,2,5,1),(106,NULL,3,5,1),(106,NULL,4,5,1),(106,NULL,5,5,1),(106,NULL,6,5,1),(106,NULL,7,5,1),(106,NULL,8,5,1),(106,NULL,9,5,1),(106,NULL,10,5,1),(106,NULL,11,5,1),(106,NULL,12,5,1),(106,NULL,13,5,1),(106,NULL,1,1,2),(106,NULL,2,1,2),(106,NULL,3,1,2),(106,NULL,4,1,2),(106,NULL,5,1,2),(106,NULL,6,1,2),(106,NULL,7,1,2),(106,NULL,8,1,2),(106,NULL,9,1,2),(106,NULL,10,1,2),(106,NULL,11,1,2),(106,NULL,12,1,2),(106,NULL,13,1,2),(106,NULL,1,2,2),(106,NULL,2,2,2),(106,NULL,3,2,2),(106,NULL,4,2,2),(106,NULL,5,2,2),(106,NULL,6,2,2),(106,NULL,7,2,2),(106,NULL,8,2,2),(106,NULL,9,2,2),(106,NULL,10,2,2),(106,NULL,11,2,2),(106,NULL,12,2,2),(106,NULL,13,2,2),(106,NULL,1,3,2),(106,NULL,2,3,2),(106,NULL,3,3,2),(106,NULL,4,3,2),(106,NULL,5,3,2),(106,NULL,6,3,2),(106,NULL,7,3,2),(106,NULL,8,3,2),(106,NULL,9,3,2),(106,NULL,10,3,2),(106,NULL,11,3,2),(106,NULL,12,3,2),(106,NULL,13,3,2),(106,NULL,1,4,2),(106,NULL,2,4,2),(106,NULL,3,4,2),(106,NULL,4,4,2),(106,NULL,5,4,2),(106,NULL,6,4,2),(106,NULL,7,4,2),(106,NULL,8,4,2),(106,NULL,9,4,2),(106,NULL,10,4,2),(106,NULL,11,4,2),(106,NULL,12,4,2),(106,NULL,13,4,2),(106,NULL,1,5,2),(106,NULL,2,5,2),(106,NULL,3,5,2),(106,NULL,4,5,2),(106,NULL,5,5,2),(106,NULL,6,5,2),(106,NULL,7,5,2),(106,NULL,8,5,2),(106,NULL,9,5,2),(106,NULL,10,5,2),(106,NULL,11,5,2),(106,NULL,12,5,2),(106,NULL,13,5,2),(106,NULL,1,1,3),(106,NULL,2,1,3),(106,NULL,3,1,3),(106,NULL,4,1,3),(106,NULL,5,1,3),(106,NULL,6,1,3),(106,NULL,7,1,3),(106,NULL,8,1,3),(106,NULL,9,1,3),(106,NULL,10,1,3),(106,NULL,11,1,3),(106,NULL,12,1,3),(106,NULL,13,1,3),(106,NULL,1,2,3),(106,NULL,2,2,3),(106,NULL,3,2,3),(106,NULL,4,2,3),(106,NULL,5,2,3),(106,NULL,6,2,3),(106,NULL,7,2,3),(106,NULL,8,2,3),(106,NULL,9,2,3),(106,NULL,10,2,3),(106,NULL,11,2,3),(106,NULL,12,2,3),(106,NULL,13,2,3),(106,NULL,1,3,3),(106,NULL,2,3,3),(106,NULL,3,3,3),(106,NULL,4,3,3),(106,NULL,5,3,3),(106,NULL,6,3,3),(106,NULL,7,3,3),(106,NULL,8,3,3),(106,NULL,9,3,3),(106,NULL,10,3,3),(106,NULL,11,3,3),(106,NULL,12,3,3),(106,NULL,13,3,3),(106,NULL,1,4,3),(106,NULL,2,4,3),(106,NULL,3,4,3),(106,NULL,4,4,3),(106,NULL,5,4,3),(106,NULL,6,4,3),(106,NULL,7,4,3),(106,NULL,8,4,3),(106,NULL,9,4,3),(106,NULL,10,4,3),(106,NULL,11,4,3),(106,NULL,12,4,3),(106,NULL,13,4,3),(106,NULL,1,5,3),(106,NULL,2,5,3),(106,NULL,3,5,3),(106,NULL,4,5,3),(106,NULL,5,5,3),(106,NULL,6,5,3),(106,NULL,7,5,3),(106,NULL,8,5,3),(106,NULL,9,5,3),(106,NULL,10,5,3),(106,NULL,11,5,3),(106,NULL,12,5,3),(106,NULL,13,5,3),(106,NULL,1,1,4),(106,NULL,2,1,4),(106,NULL,3,1,4),(106,NULL,4,1,4),(106,NULL,5,1,4),(106,NULL,6,1,4),(106,NULL,7,1,4),(106,NULL,8,1,4),(106,NULL,9,1,4),(106,NULL,10,1,4),(106,NULL,11,1,4),(106,NULL,12,1,4),(106,NULL,13,1,4),(106,NULL,1,2,4),(106,NULL,2,2,4),(106,NULL,3,2,4),(106,NULL,4,2,4),(106,NULL,5,2,4),(106,NULL,6,2,4),(106,NULL,7,2,4),(106,NULL,8,2,4),(106,NULL,9,2,4),(106,NULL,10,2,4),(106,NULL,11,2,4),(106,NULL,12,2,4),(106,NULL,13,2,4),(106,NULL,1,3,4),(106,NULL,2,3,4),(106,NULL,3,3,4),(106,NULL,4,3,4),(106,NULL,5,3,4),(106,NULL,6,3,4),(106,NULL,7,3,4),(106,NULL,8,3,4),(106,NULL,9,3,4),(106,NULL,10,3,4),(106,NULL,11,3,4),(106,NULL,12,3,4),(106,NULL,13,3,4),(106,NULL,1,4,4),(106,NULL,2,4,4),(106,NULL,3,4,4),(106,NULL,4,4,4),(106,NULL,5,4,4),(106,NULL,6,4,4),(106,NULL,7,4,4),(106,NULL,8,4,4),(106,NULL,9,4,4),(106,NULL,10,4,4),(106,NULL,11,4,4),(106,NULL,12,4,4),(106,NULL,13,4,4),(106,NULL,1,5,4),(106,NULL,2,5,4),(106,NULL,3,5,4),(106,NULL,4,5,4),(106,NULL,5,5,4),(106,NULL,6,5,4),(106,NULL,7,5,4),(106,NULL,8,5,4),(106,NULL,9,5,4),(106,NULL,10,5,4),(106,NULL,11,5,4),(106,NULL,12,5,4),(106,NULL,13,5,4),(106,NULL,1,1,5),(106,NULL,2,1,5),(106,NULL,3,1,5),(106,NULL,4,1,5),(106,NULL,5,1,5),(106,NULL,6,1,5),(106,NULL,7,1,5),(106,NULL,8,1,5),(106,NULL,9,1,5),(106,NULL,10,1,5),(106,NULL,11,1,5),(106,NULL,12,1,5),(106,NULL,13,1,5),(106,NULL,1,2,5),(106,NULL,2,2,5),(106,NULL,3,2,5),(106,NULL,4,2,5),(106,NULL,5,2,5),(106,NULL,6,2,5),(106,NULL,7,2,5),(106,NULL,8,2,5),(106,NULL,9,2,5),(106,NULL,10,2,5),(106,NULL,11,2,5),(106,NULL,12,2,5),(106,NULL,13,2,5),(106,NULL,1,3,5),(106,NULL,2,3,5),(106,NULL,3,3,5),(106,NULL,4,3,5),(106,NULL,5,3,5),(106,NULL,6,3,5),(106,NULL,7,3,5),(106,NULL,8,3,5),(106,NULL,9,3,5),(106,NULL,10,3,5),(106,NULL,11,3,5),(106,NULL,12,3,5),(106,NULL,13,3,5),(106,NULL,1,4,5),(106,NULL,2,4,5),(106,NULL,3,4,5),(106,NULL,4,4,5),(106,NULL,5,4,5),(106,NULL,6,4,5),(106,NULL,7,4,5),(106,NULL,8,4,5),(106,NULL,9,4,5),(106,NULL,10,4,5),(106,NULL,11,4,5),(106,NULL,12,4,5),(106,NULL,13,4,5),(106,NULL,1,5,5),(106,NULL,2,5,5),(106,NULL,3,5,5),(106,NULL,4,5,5),(106,NULL,5,5,5),(106,NULL,6,5,5),(106,NULL,7,5,5),(106,NULL,8,5,5),(106,NULL,9,5,5),(106,NULL,10,5,5),(106,NULL,11,5,5),(106,NULL,12,5,5),(106,NULL,13,5,5),(106,NULL,1,1,6),(106,NULL,2,1,6),(106,NULL,3,1,6),(106,NULL,4,1,6),(106,NULL,5,1,6),(106,NULL,6,1,6),(106,NULL,7,1,6),(106,NULL,8,1,6),(106,NULL,9,1,6),(106,NULL,10,1,6),(106,NULL,11,1,6),(106,NULL,12,1,6),(106,NULL,13,1,6),(106,NULL,1,2,6),(106,NULL,2,2,6),(106,NULL,3,2,6),(106,NULL,4,2,6),(106,NULL,5,2,6),(106,NULL,6,2,6),(106,NULL,7,2,6),(106,NULL,8,2,6),(106,NULL,9,2,6),(106,NULL,10,2,6),(106,NULL,11,2,6),(106,NULL,12,2,6),(106,NULL,13,2,6),(106,NULL,1,3,6),(106,NULL,2,3,6),(106,NULL,3,3,6),(106,NULL,4,3,6),(106,NULL,5,3,6),(106,NULL,6,3,6),(106,NULL,7,3,6),(106,NULL,8,3,6),(106,NULL,9,3,6),(106,NULL,10,3,6),(106,NULL,11,3,6),(106,NULL,12,3,6),(106,NULL,13,3,6),(106,NULL,1,4,6),(106,NULL,2,4,6),(106,NULL,3,4,6),(106,NULL,4,4,6),(106,NULL,5,4,6),(106,NULL,6,4,6),(106,NULL,7,4,6),(106,NULL,8,4,6),(106,NULL,9,4,6),(106,NULL,10,4,6),(106,NULL,11,4,6),(106,NULL,12,4,6),(106,NULL,13,4,6),(106,NULL,1,5,6),(106,NULL,2,5,6),(106,NULL,3,5,6),(106,NULL,4,5,6),(106,NULL,5,5,6),(106,NULL,6,5,6),(106,NULL,7,5,6),(106,NULL,8,5,6),(106,NULL,9,5,6),(106,NULL,10,5,6),(106,NULL,11,5,6),(106,NULL,12,5,6),(106,NULL,13,5,6),(106,NULL,1,1,7),(106,NULL,2,1,7),(106,NULL,3,1,7),(106,NULL,4,1,7),(106,NULL,5,1,7),(106,NULL,6,1,7),(106,NULL,7,1,7),(106,NULL,8,1,7),(106,NULL,9,1,7),(106,NULL,10,1,7),(106,NULL,11,1,7),(106,NULL,12,1,7),(106,NULL,13,1,7),(106,NULL,1,2,7),(106,NULL,2,2,7),(106,NULL,3,2,7),(106,NULL,4,2,7),(106,NULL,5,2,7),(106,NULL,6,2,7),(106,NULL,7,2,7),(106,NULL,8,2,7),(106,NULL,9,2,7),(106,NULL,10,2,7),(106,NULL,11,2,7),(106,NULL,12,2,7),(106,NULL,13,2,7),(106,NULL,1,3,7),(106,NULL,2,3,7),(106,NULL,3,3,7),(106,NULL,4,3,7),(106,NULL,5,3,7),(106,NULL,6,3,7),(106,NULL,7,3,7),(106,NULL,8,3,7),(106,NULL,9,3,7),(106,NULL,10,3,7),(106,NULL,11,3,7),(106,NULL,12,3,7),(106,NULL,13,3,7),(106,NULL,1,4,7),(106,NULL,2,4,7),(106,NULL,3,4,7),(106,NULL,4,4,7),(106,NULL,5,4,7),(106,NULL,6,4,7),(106,NULL,7,4,7),(106,NULL,8,4,7),(106,NULL,9,4,7),(106,NULL,10,4,7),(106,NULL,11,4,7),(106,NULL,12,4,7),(106,NULL,13,4,7),(106,NULL,1,5,7),(106,NULL,2,5,7),(106,NULL,3,5,7),(106,NULL,4,5,7),(106,NULL,5,5,7),(106,NULL,6,5,7),(106,NULL,7,5,7),(106,NULL,8,5,7),(106,NULL,9,5,7),(106,NULL,10,5,7),(106,NULL,11,5,7),(106,NULL,12,5,7),(106,NULL,13,5,7),(106,NULL,1,1,8),(106,NULL,2,1,8),(106,NULL,3,1,8),(106,NULL,4,1,8),(106,NULL,5,1,8),(106,NULL,6,1,8),(106,NULL,7,1,8),(106,NULL,8,1,8),(106,NULL,9,1,8),(106,NULL,10,1,8),(106,NULL,11,1,8),(106,NULL,12,1,8),(106,NULL,13,1,8),(106,NULL,1,2,8),(106,NULL,2,2,8),(106,NULL,3,2,8),(106,NULL,4,2,8),(106,NULL,5,2,8),(106,NULL,6,2,8),(106,NULL,7,2,8),(106,NULL,8,2,8),(106,NULL,9,2,8),(106,NULL,10,2,8),(106,NULL,11,2,8),(106,NULL,12,2,8),(106,NULL,13,2,8),(106,NULL,1,3,8),(106,NULL,2,3,8),(106,NULL,3,3,8),(106,NULL,4,3,8),(106,NULL,5,3,8),(106,NULL,6,3,8),(106,NULL,7,3,8),(106,NULL,8,3,8),(106,NULL,9,3,8),(106,NULL,10,3,8),(106,NULL,11,3,8),(106,NULL,12,3,8),(106,NULL,13,3,8),(106,NULL,1,4,8),(106,NULL,2,4,8),(106,NULL,3,4,8),(106,NULL,4,4,8),(106,NULL,5,4,8),(106,NULL,6,4,8),(106,NULL,7,4,8),(106,NULL,8,4,8),(106,NULL,9,4,8),(106,NULL,10,4,8),(106,NULL,11,4,8),(106,NULL,12,4,8),(106,NULL,13,4,8),(106,NULL,1,5,8),(106,NULL,2,5,8),(106,NULL,3,5,8),(106,NULL,4,5,8),(106,NULL,5,5,8),(106,NULL,6,5,8),(106,NULL,7,5,8),(106,NULL,8,5,8),(106,NULL,9,5,8),(106,NULL,10,5,8),(106,NULL,11,5,8),(106,NULL,12,5,8),(106,NULL,13,5,8),(106,NULL,1,1,9),(106,NULL,2,1,9),(106,NULL,3,1,9),(106,NULL,4,1,9),(106,NULL,5,1,9),(106,NULL,6,1,9),(106,NULL,7,1,9),(106,NULL,8,1,9),(106,NULL,9,1,9),(106,NULL,10,1,9),(106,NULL,11,1,9),(106,NULL,12,1,9),(106,NULL,13,1,9),(106,NULL,1,2,9),(106,NULL,2,2,9),(106,NULL,3,2,9),(106,NULL,4,2,9),(106,NULL,5,2,9),(106,NULL,6,2,9),(106,NULL,7,2,9),(106,NULL,8,2,9),(106,NULL,9,2,9),(106,NULL,10,2,9),(106,NULL,11,2,9),(106,NULL,12,2,9),(106,NULL,13,2,9),(106,NULL,1,3,9),(106,NULL,2,3,9),(106,NULL,3,3,9),(106,NULL,4,3,9),(106,NULL,5,3,9),(106,NULL,6,3,9),(106,NULL,7,3,9),(106,NULL,8,3,9),(106,NULL,9,3,9),(106,NULL,10,3,9),(106,NULL,11,3,9),(106,NULL,12,3,9),(106,NULL,13,3,9),(106,NULL,1,4,9),(106,NULL,2,4,9),(106,NULL,3,4,9),(106,NULL,4,4,9),(106,NULL,5,4,9),(106,NULL,6,4,9),(106,NULL,7,4,9),(106,NULL,8,4,9),(106,NULL,9,4,9),(106,NULL,10,4,9),(106,NULL,11,4,9),(106,NULL,12,4,9),(106,NULL,13,4,9),(106,NULL,1,5,9),(106,NULL,2,5,9),(106,NULL,3,5,9),(106,NULL,4,5,9),(106,NULL,5,5,9),(106,NULL,6,5,9),(106,NULL,7,5,9),(106,NULL,8,5,9),(106,NULL,9,5,9),(106,NULL,10,5,9),(106,NULL,11,5,9),(106,NULL,12,5,9),(106,NULL,13,5,9),(106,NULL,1,1,10),(106,NULL,2,1,10),(106,NULL,3,1,10),(106,NULL,4,1,10),(106,NULL,5,1,10),(106,NULL,6,1,10),(106,NULL,7,1,10),(106,NULL,8,1,10),(106,NULL,9,1,10),(106,NULL,10,1,10),(106,NULL,11,1,10),(106,NULL,12,1,10),(106,NULL,13,1,10),(106,NULL,1,2,10),(106,NULL,2,2,10),(106,NULL,3,2,10),(106,NULL,4,2,10),(106,NULL,5,2,10),(106,NULL,6,2,10),(106,NULL,7,2,10),(106,NULL,8,2,10),(106,NULL,9,2,10),(106,NULL,10,2,10),(106,NULL,11,2,10),(106,NULL,12,2,10),(106,NULL,13,2,10),(106,NULL,1,3,10),(106,NULL,2,3,10),(106,NULL,3,3,10),(106,NULL,4,3,10),(106,NULL,5,3,10),(106,NULL,6,3,10),(106,NULL,7,3,10),(106,NULL,8,3,10),(106,NULL,9,3,10),(106,NULL,10,3,10),(106,NULL,11,3,10),(106,NULL,12,3,10),(106,NULL,13,3,10),(106,NULL,1,4,10),(106,NULL,2,4,10),(106,NULL,3,4,10),(106,NULL,4,4,10),(106,NULL,5,4,10),(106,NULL,6,4,10),(106,NULL,7,4,10),(106,NULL,8,4,10),(106,NULL,9,4,10),(106,NULL,10,4,10),(106,NULL,11,4,10),(106,NULL,12,4,10),(106,NULL,13,4,10),(106,NULL,1,5,10),(106,NULL,2,5,10),(106,NULL,3,5,10),(106,NULL,4,5,10),(106,NULL,5,5,10),(106,NULL,6,5,10),(106,NULL,7,5,10),(106,NULL,8,5,10),(106,NULL,9,5,10),(106,NULL,10,5,10),(106,NULL,11,5,10),(106,NULL,12,5,10),(106,NULL,13,5,10),(106,NULL,1,1,11),(106,NULL,2,1,11),(106,NULL,3,1,11),(106,NULL,4,1,11),(106,NULL,5,1,11),(106,NULL,6,1,11),(106,NULL,7,1,11),(106,NULL,8,1,11),(106,NULL,9,1,11),(106,NULL,10,1,11),(106,NULL,11,1,11),(106,NULL,12,1,11),(106,NULL,13,1,11),(106,NULL,1,2,11),(106,NULL,2,2,11),(106,NULL,3,2,11),(106,NULL,4,2,11),(106,NULL,5,2,11),(106,NULL,6,2,11),(106,NULL,7,2,11),(106,NULL,8,2,11),(106,NULL,9,2,11),(106,NULL,10,2,11),(106,NULL,11,2,11),(106,NULL,12,2,11),(106,NULL,13,2,11),(106,NULL,1,3,11),(106,NULL,2,3,11),(106,NULL,3,3,11),(106,NULL,4,3,11),(106,NULL,5,3,11),(106,NULL,6,3,11),(106,NULL,7,3,11),(106,NULL,8,3,11),(106,NULL,9,3,11),(106,NULL,10,3,11),(106,NULL,11,3,11),(106,NULL,12,3,11),(106,NULL,13,3,11),(106,NULL,1,4,11),(106,NULL,2,4,11),(106,NULL,3,4,11),(106,NULL,4,4,11),(106,NULL,5,4,11),(106,NULL,6,4,11),(106,NULL,7,4,11),(106,NULL,8,4,11),(106,NULL,9,4,11),(106,NULL,10,4,11),(106,NULL,11,4,11),(106,NULL,12,4,11),(106,NULL,13,4,11),(106,NULL,1,5,11),(106,NULL,2,5,11),(106,NULL,3,5,11),(106,NULL,4,5,11),(106,NULL,5,5,11),(106,NULL,6,5,11),(106,NULL,7,5,11),(106,NULL,8,5,11),(106,NULL,9,5,11),(106,NULL,10,5,11),(106,NULL,11,5,11),(106,NULL,12,5,11),(106,NULL,13,5,11),(106,NULL,1,1,12),(106,NULL,2,1,12),(106,NULL,3,1,12),(106,NULL,4,1,12),(106,NULL,5,1,12),(106,NULL,6,1,12),(106,NULL,7,1,12),(106,NULL,8,1,12),(106,NULL,9,1,12),(106,NULL,10,1,12),(106,NULL,11,1,12),(106,NULL,12,1,12),(106,NULL,13,1,12),(106,NULL,1,2,12),(106,NULL,2,2,12),(106,NULL,3,2,12),(106,NULL,4,2,12),(106,NULL,5,2,12),(106,NULL,6,2,12),(106,NULL,7,2,12),(106,NULL,8,2,12),(106,NULL,9,2,12),(106,NULL,10,2,12),(106,NULL,11,2,12),(106,NULL,12,2,12),(106,NULL,13,2,12),(106,NULL,1,3,12),(106,NULL,2,3,12),(106,NULL,3,3,12),(106,NULL,4,3,12),(106,NULL,5,3,12),(106,NULL,6,3,12),(106,NULL,7,3,12),(106,NULL,8,3,12),(106,NULL,9,3,12),(106,NULL,10,3,12),(106,NULL,11,3,12),(106,NULL,12,3,12),(106,NULL,13,3,12),(106,NULL,1,4,12),(106,NULL,2,4,12),(106,NULL,3,4,12),(106,NULL,4,4,12),(106,NULL,5,4,12),(106,NULL,6,4,12),(106,NULL,7,4,12),(106,NULL,8,4,12),(106,NULL,9,4,12),(106,NULL,10,4,12),(106,NULL,11,4,12),(106,NULL,12,4,12),(106,NULL,13,4,12),(106,NULL,1,5,12),(106,NULL,2,5,12),(106,NULL,3,5,12),(106,NULL,4,5,12),(106,NULL,5,5,12),(106,NULL,6,5,12),(106,NULL,7,5,12),(106,NULL,8,5,12),(106,NULL,9,5,12),(106,NULL,10,5,12),(106,NULL,11,5,12),(106,NULL,12,5,12),(106,NULL,13,5,12),(106,NULL,1,1,13),(106,NULL,2,1,13),(106,NULL,3,1,13),(106,NULL,4,1,13),(106,NULL,5,1,13),(106,NULL,6,1,13),(106,NULL,7,1,13),(106,NULL,8,1,13),(106,NULL,9,1,13),(106,NULL,10,1,13),(106,NULL,11,1,13),(106,NULL,12,1,13),(106,NULL,13,1,13),(106,NULL,1,2,13),(106,NULL,2,2,13),(106,NULL,3,2,13),(106,NULL,4,2,13),(106,NULL,5,2,13),(106,NULL,6,2,13),(106,NULL,7,2,13),(106,NULL,8,2,13),(106,NULL,9,2,13),(106,NULL,10,2,13),(106,NULL,11,2,13),(106,NULL,12,2,13),(106,NULL,13,2,13),(106,NULL,1,3,13),(106,NULL,2,3,13),(106,NULL,3,3,13),(106,NULL,4,3,13),(106,NULL,5,3,13),(106,NULL,6,3,13),(106,NULL,7,3,13),(106,NULL,8,3,13),(106,NULL,9,3,13),(106,NULL,10,3,13),(106,NULL,11,3,13),(106,NULL,12,3,13),(106,NULL,13,3,13),(106,NULL,1,4,13),(106,NULL,2,4,13),(106,NULL,3,4,13),(106,NULL,4,4,13),(106,NULL,5,4,13),(106,NULL,6,4,13),(106,NULL,7,4,13),(106,NULL,8,4,13),(106,NULL,9,4,13),(106,NULL,10,4,13),(106,NULL,11,4,13),(106,NULL,12,4,13),(106,NULL,13,4,13),(106,NULL,1,5,13),(106,NULL,2,5,13),(106,NULL,3,5,13),(106,NULL,4,5,13),(106,NULL,5,5,13),(106,NULL,6,5,13),(106,NULL,7,5,13),(106,NULL,8,5,13),(106,NULL,9,5,13),(106,NULL,10,5,13),(106,NULL,11,5,13),(106,NULL,12,5,13),(106,NULL,13,5,13),(106,NULL,1,1,14),(106,NULL,2,1,14),(106,NULL,3,1,14),(106,NULL,4,1,14),(106,NULL,5,1,14),(106,NULL,6,1,14),(106,NULL,7,1,14),(106,NULL,8,1,14),(106,NULL,9,1,14),(106,NULL,10,1,14),(106,NULL,11,1,14),(106,NULL,12,1,14),(106,NULL,13,1,14),(106,NULL,1,2,14),(106,NULL,2,2,14),(106,NULL,3,2,14),(106,NULL,4,2,14),(106,NULL,5,2,14),(106,NULL,6,2,14),(106,NULL,7,2,14),(106,NULL,8,2,14),(106,NULL,9,2,14),(106,NULL,10,2,14),(106,NULL,11,2,14),(106,NULL,12,2,14),(106,NULL,13,2,14),(106,NULL,1,3,14),(106,NULL,2,3,14),(106,NULL,3,3,14),(106,NULL,4,3,14),(106,NULL,5,3,14),(106,NULL,6,3,14),(106,NULL,7,3,14),(106,NULL,8,3,14),(106,NULL,9,3,14),(106,NULL,10,3,14),(106,NULL,11,3,14),(106,NULL,12,3,14),(106,NULL,13,3,14),(106,NULL,1,4,14),(106,NULL,2,4,14),(106,NULL,3,4,14),(106,NULL,4,4,14),(106,NULL,5,4,14),(106,NULL,6,4,14),(106,NULL,7,4,14),(106,NULL,8,4,14),(106,NULL,9,4,14),(106,NULL,10,4,14),(106,NULL,11,4,14),(106,NULL,12,4,14),(106,NULL,13,4,14),(106,NULL,1,5,14),(106,NULL,2,5,14),(106,NULL,3,5,14),(106,NULL,4,5,14),(106,NULL,5,5,14),(106,NULL,6,5,14),(106,NULL,7,5,14),(106,NULL,8,5,14),(106,NULL,9,5,14),(106,NULL,10,5,14),(106,NULL,11,5,14),(106,NULL,12,5,14),(106,NULL,13,5,14),(106,NULL,1,1,15),(106,NULL,2,1,15),(106,NULL,3,1,15),(106,NULL,4,1,15),(106,NULL,5,1,15),(106,NULL,6,1,15),(106,NULL,7,1,15),(106,NULL,8,1,15),(106,NULL,9,1,15),(106,NULL,10,1,15),(106,NULL,11,1,15),(106,NULL,12,1,15),(106,NULL,13,1,15),(106,NULL,1,2,15),(106,NULL,2,2,15),(106,NULL,3,2,15),(106,NULL,4,2,15),(106,NULL,5,2,15),(106,NULL,6,2,15),(106,NULL,7,2,15),(106,NULL,8,2,15),(106,NULL,9,2,15),(106,NULL,10,2,15),(106,NULL,11,2,15),(106,NULL,12,2,15),(106,NULL,13,2,15),(106,NULL,1,3,15),(106,NULL,2,3,15),(106,NULL,3,3,15),(106,NULL,4,3,15),(106,NULL,5,3,15),(106,NULL,6,3,15),(106,NULL,7,3,15),(106,NULL,8,3,15),(106,NULL,9,3,15),(106,NULL,10,3,15),(106,NULL,11,3,15),(106,NULL,12,3,15),(106,NULL,13,3,15),(106,NULL,1,4,15),(106,NULL,2,4,15),(106,NULL,3,4,15),(106,NULL,4,4,15),(106,NULL,5,4,15),(106,NULL,6,4,15),(106,NULL,7,4,15),(106,NULL,8,4,15),(106,NULL,9,4,15),(106,NULL,10,4,15),(106,NULL,11,4,15),(106,NULL,12,4,15),(106,NULL,13,4,15),(106,NULL,1,5,15),(106,NULL,2,5,15),(106,NULL,3,5,15),(106,NULL,4,5,15),(106,NULL,5,5,15),(106,NULL,6,5,15),(106,NULL,7,5,15),(106,NULL,8,5,15),(106,NULL,9,5,15),(106,NULL,10,5,15),(106,NULL,11,5,15),(106,NULL,12,5,15),(106,NULL,13,5,15),(106,NULL,1,1,16),(106,NULL,2,1,16),(106,NULL,3,1,16),(106,NULL,4,1,16),(106,NULL,5,1,16),(106,NULL,6,1,16),(106,NULL,7,1,16),(106,NULL,8,1,16),(106,NULL,9,1,16),(106,NULL,10,1,16),(106,NULL,11,1,16),(106,NULL,12,1,16),(106,NULL,13,1,16),(106,NULL,1,2,16),(106,NULL,2,2,16),(106,NULL,3,2,16),(106,NULL,4,2,16),(106,NULL,5,2,16),(106,NULL,6,2,16),(106,NULL,7,2,16),(106,NULL,8,2,16),(106,NULL,9,2,16),(106,NULL,10,2,16),(106,NULL,11,2,16),(106,NULL,12,2,16),(106,NULL,13,2,16),(106,NULL,1,3,16),(106,NULL,2,3,16),(106,NULL,3,3,16),(106,NULL,4,3,16),(106,NULL,5,3,16),(106,NULL,6,3,16),(106,NULL,7,3,16),(106,NULL,8,3,16),(106,NULL,9,3,16),(106,NULL,10,3,16),(106,NULL,11,3,16),(106,NULL,12,3,16),(106,NULL,13,3,16),(106,NULL,1,4,16),(106,NULL,2,4,16),(106,NULL,3,4,16),(106,NULL,4,4,16),(106,NULL,5,4,16),(106,NULL,6,4,16),(106,NULL,7,4,16),(106,NULL,8,4,16),(106,NULL,9,4,16),(106,NULL,10,4,16),(106,NULL,11,4,16),(106,NULL,12,4,16),(106,NULL,13,4,16),(106,NULL,1,5,16),(106,NULL,2,5,16),(106,NULL,3,5,16),(106,NULL,4,5,16),(106,NULL,5,5,16),(106,NULL,6,5,16),(106,NULL,7,5,16),(106,NULL,8,5,16),(106,NULL,9,5,16),(106,NULL,10,5,16),(106,NULL,11,5,16),(106,NULL,12,5,16),(106,NULL,13,5,16),(106,NULL,1,1,17),(106,NULL,2,1,17),(106,NULL,3,1,17),(106,NULL,4,1,17),(106,NULL,5,1,17),(106,NULL,6,1,17),(106,NULL,7,1,17),(106,NULL,8,1,17),(106,NULL,9,1,17),(106,NULL,10,1,17),(106,NULL,11,1,17),(106,NULL,12,1,17),(106,NULL,13,1,17),(106,NULL,1,2,17),(106,NULL,2,2,17),(106,NULL,3,2,17),(106,NULL,4,2,17),(106,NULL,5,2,17),(106,NULL,6,2,17),(106,NULL,7,2,17),(106,NULL,8,2,17),(106,NULL,9,2,17),(106,NULL,10,2,17),(106,NULL,11,2,17),(106,NULL,12,2,17),(106,NULL,13,2,17),(106,NULL,1,3,17),(106,NULL,2,3,17),(106,NULL,3,3,17),(106,NULL,4,3,17),(106,NULL,5,3,17),(106,NULL,6,3,17),(106,NULL,7,3,17),(106,NULL,8,3,17),(106,NULL,9,3,17),(106,NULL,10,3,17),(106,NULL,11,3,17),(106,NULL,12,3,17),(106,NULL,13,3,17),(106,NULL,1,4,17),(106,NULL,2,4,17),(106,NULL,3,4,17),(106,NULL,4,4,17),(106,NULL,5,4,17),(106,NULL,6,4,17),(106,NULL,7,4,17),(106,NULL,8,4,17),(106,NULL,9,4,17),(106,NULL,10,4,17),(106,NULL,11,4,17),(106,NULL,12,4,17),(106,NULL,13,4,17),(106,NULL,1,5,17),(106,NULL,2,5,17),(106,NULL,3,5,17),(106,NULL,4,5,17),(106,NULL,5,5,17),(106,NULL,6,5,17),(106,NULL,7,5,17),(106,NULL,8,5,17),(106,NULL,9,5,17),(106,NULL,10,5,17),(106,NULL,11,5,17),(106,NULL,12,5,17),(106,NULL,13,5,17),(106,NULL,1,1,18),(106,NULL,2,1,18),(106,NULL,3,1,18),(106,NULL,4,1,18),(106,NULL,5,1,18),(106,NULL,6,1,18),(106,NULL,7,1,18),(106,NULL,8,1,18),(106,NULL,9,1,18),(106,NULL,10,1,18),(106,NULL,11,1,18),(106,NULL,12,1,18),(106,NULL,13,1,18),(106,NULL,1,2,18),(106,NULL,2,2,18),(106,NULL,3,2,18),(106,NULL,4,2,18),(106,NULL,5,2,18),(106,NULL,6,2,18),(106,NULL,7,2,18),(106,NULL,8,2,18),(106,NULL,9,2,18),(106,NULL,10,2,18),(106,NULL,11,2,18),(106,NULL,12,2,18),(106,NULL,13,2,18),(106,NULL,1,3,18),(106,NULL,2,3,18),(106,NULL,3,3,18),(106,NULL,4,3,18),(106,NULL,5,3,18),(106,NULL,6,3,18),(106,NULL,7,3,18),(106,NULL,8,3,18),(106,NULL,9,3,18),(106,NULL,10,3,18),(106,NULL,11,3,18),(106,NULL,12,3,18),(106,NULL,13,3,18),(106,NULL,1,4,18),(106,NULL,2,4,18),(106,NULL,3,4,18),(106,NULL,4,4,18),(106,NULL,5,4,18),(106,NULL,6,4,18),(106,NULL,7,4,18),(106,NULL,8,4,18),(106,NULL,9,4,18),(106,NULL,10,4,18),(106,NULL,11,4,18),(106,NULL,12,4,18),(106,NULL,13,4,18),(106,NULL,1,5,18),(106,NULL,2,5,18),(106,NULL,3,5,18),(106,NULL,4,5,18),(106,NULL,5,5,18),(106,NULL,6,5,18),(106,NULL,7,5,18),(106,NULL,8,5,18),(106,NULL,9,5,18),(106,NULL,10,5,18),(106,NULL,11,5,18),(106,NULL,12,5,18),(106,NULL,13,5,18),(106,NULL,1,1,19),(106,NULL,2,1,19),(106,NULL,3,1,19),(106,NULL,4,1,19),(106,NULL,5,1,19),(106,NULL,6,1,19),(106,NULL,7,1,19),(106,NULL,8,1,19),(106,NULL,9,1,19),(106,NULL,10,1,19),(106,NULL,11,1,19),(106,NULL,12,1,19),(106,NULL,13,1,19),(106,NULL,1,2,19),(106,NULL,2,2,19),(106,NULL,3,2,19),(106,NULL,4,2,19),(106,NULL,5,2,19),(106,NULL,6,2,19),(106,NULL,7,2,19),(106,NULL,8,2,19),(106,NULL,9,2,19),(106,NULL,10,2,19),(106,NULL,11,2,19),(106,NULL,12,2,19),(106,NULL,13,2,19),(106,NULL,1,3,19),(106,NULL,2,3,19),(106,NULL,3,3,19),(106,NULL,4,3,19),(106,NULL,5,3,19),(106,NULL,6,3,19),(106,NULL,7,3,19),(106,NULL,8,3,19),(106,NULL,9,3,19),(106,NULL,10,3,19),(106,NULL,11,3,19),(106,NULL,12,3,19),(106,NULL,13,3,19),(106,NULL,1,4,19),(106,NULL,2,4,19),(106,NULL,3,4,19),(106,NULL,4,4,19),(106,NULL,5,4,19),(106,NULL,6,4,19),(106,NULL,7,4,19),(106,NULL,8,4,19),(106,NULL,9,4,19),(106,NULL,10,4,19),(106,NULL,11,4,19),(106,NULL,12,4,19),(106,NULL,13,4,19),(106,NULL,1,5,19),(106,NULL,2,5,19),(106,NULL,3,5,19),(106,NULL,4,5,19),(106,NULL,5,5,19),(106,NULL,6,5,19),(106,NULL,7,5,19),(106,NULL,8,5,19),(106,NULL,9,5,19),(106,NULL,10,5,19),(106,NULL,11,5,19),(106,NULL,12,5,19),(106,NULL,13,5,19),(106,NULL,1,1,20),(106,NULL,2,1,20),(106,NULL,3,1,20),(106,NULL,4,1,20),(106,NULL,5,1,20),(106,NULL,6,1,20),(106,NULL,7,1,20),(106,NULL,8,1,20),(106,NULL,9,1,20),(106,NULL,10,1,20),(106,NULL,11,1,20),(106,NULL,12,1,20),(106,NULL,13,1,20),(106,NULL,1,2,20),(106,NULL,2,2,20),(106,NULL,3,2,20),(106,NULL,4,2,20),(106,NULL,5,2,20),(106,NULL,6,2,20),(106,NULL,7,2,20),(106,NULL,8,2,20),(106,NULL,9,2,20),(106,NULL,10,2,20),(106,NULL,11,2,20),(106,NULL,12,2,20),(106,NULL,13,2,20),(106,NULL,1,3,20),(106,NULL,2,3,20),(106,NULL,3,3,20),(106,NULL,4,3,20),(106,NULL,5,3,20),(106,NULL,6,3,20),(106,NULL,7,3,20),(106,NULL,8,3,20),(106,NULL,9,3,20),(106,NULL,10,3,20),(106,NULL,11,3,20),(106,NULL,12,3,20),(106,NULL,13,3,20),(106,NULL,1,4,20),(106,NULL,2,4,20),(106,NULL,3,4,20),(106,NULL,4,4,20),(106,NULL,5,4,20),(106,NULL,6,4,20),(106,NULL,7,4,20),(106,NULL,8,4,20),(106,NULL,9,4,20),(106,NULL,10,4,20),(106,NULL,11,4,20),(106,NULL,12,4,20),(106,NULL,13,4,20),(106,NULL,1,5,20),(106,NULL,2,5,20),(106,NULL,3,5,20),(106,NULL,4,5,20),(106,NULL,5,5,20),(106,NULL,6,5,20),(106,NULL,7,5,20),(106,NULL,8,5,20),(106,NULL,9,5,20),(106,NULL,10,5,20),(106,NULL,11,5,20),(106,NULL,12,5,20),(106,NULL,13,5,20),(106,NULL,1,1,21),(106,NULL,2,1,21),(106,NULL,3,1,21),(106,NULL,4,1,21),(106,NULL,5,1,21),(106,NULL,6,1,21),(106,NULL,7,1,21),(106,NULL,8,1,21),(106,NULL,9,1,21),(106,NULL,10,1,21),(106,NULL,11,1,21),(106,NULL,12,1,21),(106,NULL,13,1,21),(106,NULL,1,2,21),(106,NULL,2,2,21),(106,NULL,3,2,21),(106,NULL,4,2,21),(106,NULL,5,2,21),(106,NULL,6,2,21),(106,NULL,7,2,21),(106,NULL,8,2,21),(106,NULL,9,2,21),(106,NULL,10,2,21),(106,NULL,11,2,21),(106,NULL,12,2,21),(106,NULL,13,2,21),(106,NULL,1,3,21),(106,NULL,2,3,21),(106,NULL,3,3,21),(106,NULL,4,3,21),(106,NULL,5,3,21),(106,NULL,6,3,21),(106,NULL,7,3,21),(106,NULL,8,3,21),(106,NULL,9,3,21),(106,NULL,10,3,21),(106,NULL,11,3,21),(106,NULL,12,3,21),(106,NULL,13,3,21),(106,NULL,1,4,21),(106,NULL,2,4,21),(106,NULL,3,4,21),(106,NULL,4,4,21),(106,NULL,5,4,21),(106,NULL,6,4,21),(106,NULL,7,4,21),(106,NULL,8,4,21),(106,NULL,9,4,21),(106,NULL,10,4,21),(106,NULL,11,4,21),(106,NULL,12,4,21),(106,NULL,13,4,21),(106,NULL,1,5,21),(106,NULL,2,5,21),(106,NULL,3,5,21),(106,NULL,4,5,21),(106,NULL,5,5,21),(106,NULL,6,5,21),(106,NULL,7,5,21),(106,NULL,8,5,21),(106,NULL,9,5,21),(106,NULL,10,5,21),(106,NULL,11,5,21),(106,NULL,12,5,21),(106,NULL,13,5,21),(106,NULL,1,1,22),(106,NULL,2,1,22),(106,NULL,3,1,22),(106,NULL,4,1,22),(106,NULL,5,1,22),(106,NULL,6,1,22),(106,NULL,7,1,22),(106,NULL,8,1,22),(106,NULL,9,1,22),(106,NULL,10,1,22),(106,NULL,11,1,22),(106,NULL,12,1,22),(106,NULL,13,1,22),(106,NULL,1,2,22),(106,NULL,2,2,22),(106,NULL,3,2,22),(106,NULL,4,2,22),(106,NULL,5,2,22),(106,NULL,6,2,22),(106,NULL,7,2,22),(106,NULL,8,2,22),(106,NULL,9,2,22),(106,NULL,10,2,22),(106,NULL,11,2,22),(106,NULL,12,2,22),(106,NULL,13,2,22),(106,NULL,1,3,22),(106,NULL,2,3,22),(106,NULL,3,3,22),(106,NULL,4,3,22),(106,NULL,5,3,22),(106,NULL,6,3,22),(106,NULL,7,3,22),(106,NULL,8,3,22),(106,NULL,9,3,22),(106,NULL,10,3,22),(106,NULL,11,3,22),(106,NULL,12,3,22),(106,NULL,13,3,22),(106,NULL,1,4,22),(106,NULL,2,4,22),(106,NULL,3,4,22),(106,NULL,4,4,22),(106,NULL,5,4,22),(106,NULL,6,4,22),(106,NULL,7,4,22),(106,NULL,8,4,22),(106,NULL,9,4,22),(106,NULL,10,4,22),(106,NULL,11,4,22),(106,NULL,12,4,22),(106,NULL,13,4,22),(106,NULL,1,5,22),(106,NULL,2,5,22),(106,NULL,3,5,22),(106,NULL,4,5,22),(106,NULL,5,5,22),(106,NULL,6,5,22),(106,NULL,7,5,22),(106,NULL,8,5,22),(106,NULL,9,5,22),(106,NULL,10,5,22),(106,NULL,11,5,22),(106,NULL,12,5,22),(106,NULL,13,5,22),(106,NULL,1,1,23),(106,NULL,2,1,23),(106,NULL,3,1,23),(106,NULL,4,1,23),(106,NULL,5,1,23),(106,NULL,6,1,23),(106,NULL,7,1,23),(106,NULL,8,1,23),(106,NULL,9,1,23),(106,NULL,10,1,23),(106,NULL,11,1,23),(106,NULL,12,1,23),(106,NULL,13,1,23),(106,NULL,1,2,23),(106,NULL,2,2,23),(106,NULL,3,2,23),(106,NULL,4,2,23),(106,NULL,5,2,23),(106,NULL,6,2,23),(106,NULL,7,2,23),(106,NULL,8,2,23),(106,NULL,9,2,23),(106,NULL,10,2,23),(106,NULL,11,2,23),(106,NULL,12,2,23),(106,NULL,13,2,23),(106,NULL,1,3,23),(106,NULL,2,3,23),(106,NULL,3,3,23),(106,NULL,4,3,23),(106,NULL,5,3,23),(106,NULL,6,3,23),(106,NULL,7,3,23),(106,NULL,8,3,23),(106,NULL,9,3,23),(106,NULL,10,3,23),(106,NULL,11,3,23),(106,NULL,12,3,23),(106,NULL,13,3,23),(106,NULL,1,4,23),(106,NULL,2,4,23),(106,NULL,3,4,23),(106,NULL,4,4,23),(106,NULL,5,4,23),(106,NULL,6,4,23),(106,NULL,7,4,23),(106,NULL,8,4,23),(106,NULL,9,4,23),(106,NULL,10,4,23),(106,NULL,11,4,23),(106,NULL,12,4,23),(106,NULL,13,4,23),(106,NULL,1,5,23),(106,NULL,2,5,23),(106,NULL,3,5,23),(106,NULL,4,5,23),(106,NULL,5,5,23),(106,NULL,6,5,23),(106,NULL,7,5,23),(106,NULL,8,5,23),(106,NULL,9,5,23),(106,NULL,10,5,23),(106,NULL,11,5,23),(106,NULL,12,5,23),(106,NULL,13,5,23),(106,NULL,1,1,24),(106,NULL,2,1,24),(106,NULL,3,1,24),(106,NULL,4,1,24),(106,NULL,5,1,24),(106,NULL,6,1,24),(106,NULL,7,1,24),(106,NULL,8,1,24),(106,NULL,9,1,24),(106,NULL,10,1,24),(106,NULL,11,1,24),(106,NULL,12,1,24),(106,NULL,13,1,24),(106,NULL,1,2,24),(106,NULL,2,2,24),(106,NULL,3,2,24),(106,NULL,4,2,24),(106,NULL,5,2,24),(106,NULL,6,2,24),(106,NULL,7,2,24),(106,NULL,8,2,24),(106,NULL,9,2,24),(106,NULL,10,2,24),(106,NULL,11,2,24),(106,NULL,12,2,24),(106,NULL,13,2,24),(106,NULL,1,3,24),(106,NULL,2,3,24),(106,NULL,3,3,24),(106,NULL,4,3,24),(106,NULL,5,3,24),(106,NULL,6,3,24),(106,NULL,7,3,24),(106,NULL,8,3,24),(106,NULL,9,3,24),(106,NULL,10,3,24),(106,NULL,11,3,24),(106,NULL,12,3,24),(106,NULL,13,3,24),(106,NULL,1,4,24),(106,NULL,2,4,24),(106,NULL,3,4,24),(106,NULL,4,4,24),(106,NULL,5,4,24),(106,NULL,6,4,24),(106,NULL,7,4,24),(106,NULL,8,4,24),(106,NULL,9,4,24),(106,NULL,10,4,24),(106,NULL,11,4,24),(106,NULL,12,4,24),(106,NULL,13,4,24),(106,NULL,1,5,24),(106,NULL,2,5,24),(106,NULL,3,5,24),(106,NULL,4,5,24),(106,NULL,5,5,24),(106,NULL,6,5,24),(106,NULL,7,5,24),(106,NULL,8,5,24),(106,NULL,9,5,24),(106,NULL,10,5,24),(106,NULL,11,5,24),(106,NULL,12,5,24),(106,NULL,13,5,24),(106,NULL,1,1,25),(106,NULL,2,1,25),(106,NULL,3,1,25),(106,NULL,4,1,25),(106,NULL,5,1,25),(106,NULL,6,1,25),(106,NULL,7,1,25),(106,NULL,8,1,25),(106,NULL,9,1,25),(106,NULL,10,1,25),(106,NULL,11,1,25),(106,NULL,12,1,25),(106,NULL,13,1,25),(106,NULL,1,2,25),(106,NULL,2,2,25),(106,NULL,3,2,25),(106,NULL,4,2,25),(106,NULL,5,2,25),(106,NULL,6,2,25),(106,NULL,7,2,25),(106,NULL,8,2,25),(106,NULL,9,2,25),(106,NULL,10,2,25),(106,NULL,11,2,25),(106,NULL,12,2,25),(106,NULL,13,2,25),(106,NULL,1,3,25),(106,NULL,2,3,25),(106,NULL,3,3,25),(106,NULL,4,3,25),(106,NULL,5,3,25),(106,NULL,6,3,25),(106,NULL,7,3,25),(106,NULL,8,3,25),(106,NULL,9,3,25),(106,NULL,10,3,25),(106,NULL,11,3,25),(106,NULL,12,3,25),(106,NULL,13,3,25),(106,NULL,1,4,25),(106,NULL,2,4,25),(106,NULL,3,4,25),(106,NULL,4,4,25),(106,NULL,5,4,25),(106,NULL,6,4,25),(106,NULL,7,4,25),(106,NULL,8,4,25),(106,NULL,9,4,25),(106,NULL,10,4,25),(106,NULL,11,4,25),(106,NULL,12,4,25),(106,NULL,13,4,25),(106,NULL,1,5,25),(106,NULL,2,5,25),(106,NULL,3,5,25),(106,NULL,4,5,25),(106,NULL,5,5,25),(106,NULL,6,5,25),(106,NULL,7,5,25),(106,NULL,8,5,25),(106,NULL,9,5,25),(106,NULL,10,5,25),(106,NULL,11,5,25),(106,NULL,12,5,25),(106,NULL,13,5,25),(106,NULL,1,1,26),(106,NULL,2,1,26),(106,NULL,3,1,26),(106,NULL,4,1,26),(106,NULL,5,1,26),(106,NULL,6,1,26),(106,NULL,7,1,26),(106,NULL,8,1,26),(106,NULL,9,1,26),(106,NULL,10,1,26),(106,NULL,11,1,26),(106,NULL,12,1,26),(106,NULL,13,1,26),(106,NULL,1,2,26),(106,NULL,2,2,26),(106,NULL,3,2,26),(106,NULL,4,2,26),(106,NULL,5,2,26),(106,NULL,6,2,26),(106,NULL,7,2,26),(106,NULL,8,2,26),(106,NULL,9,2,26),(106,NULL,10,2,26),(106,NULL,11,2,26),(106,NULL,12,2,26),(106,NULL,13,2,26),(106,NULL,1,3,26),(106,NULL,2,3,26),(106,NULL,3,3,26),(106,NULL,4,3,26),(106,NULL,5,3,26),(106,NULL,6,3,26),(106,NULL,7,3,26),(106,NULL,8,3,26),(106,NULL,9,3,26),(106,NULL,10,3,26),(106,NULL,11,3,26),(106,NULL,12,3,26),(106,NULL,13,3,26),(106,NULL,1,4,26),(106,NULL,2,4,26),(106,NULL,3,4,26),(106,NULL,4,4,26),(106,NULL,5,4,26),(106,NULL,6,4,26),(106,NULL,7,4,26),(106,NULL,8,4,26),(106,NULL,9,4,26),(106,NULL,10,4,26),(106,NULL,11,4,26),(106,NULL,12,4,26),(106,NULL,13,4,26),(106,NULL,1,5,26),(106,NULL,2,5,26),(106,NULL,3,5,26),(106,NULL,4,5,26),(106,NULL,5,5,26),(106,NULL,6,5,26),(106,NULL,7,5,26),(106,NULL,8,5,26),(106,NULL,9,5,26),(106,NULL,10,5,26),(106,NULL,11,5,26),(106,NULL,12,5,26),(106,NULL,13,5,26),(106,NULL,1,1,27),(106,NULL,2,1,27),(106,NULL,3,1,27),(106,NULL,4,1,27),(106,NULL,5,1,27),(106,NULL,6,1,27),(106,NULL,7,1,27),(106,NULL,8,1,27),(106,NULL,9,1,27),(106,NULL,10,1,27),(106,NULL,11,1,27),(106,NULL,12,1,27),(106,NULL,13,1,27),(106,NULL,1,2,27),(106,NULL,2,2,27),(106,NULL,3,2,27),(106,NULL,4,2,27),(106,NULL,5,2,27),(106,NULL,6,2,27),(106,NULL,7,2,27),(106,NULL,8,2,27),(106,NULL,9,2,27),(106,NULL,10,2,27),(106,NULL,11,2,27),(106,NULL,12,2,27),(106,NULL,13,2,27),(106,NULL,1,3,27),(106,NULL,2,3,27),(106,NULL,3,3,27),(106,NULL,4,3,27),(106,NULL,5,3,27),(106,NULL,6,3,27),(106,NULL,7,3,27),(106,NULL,8,3,27),(106,NULL,9,3,27),(106,NULL,10,3,27),(106,NULL,11,3,27),(106,NULL,12,3,27),(106,NULL,13,3,27),(106,NULL,1,4,27),(106,NULL,2,4,27),(106,NULL,3,4,27),(106,NULL,4,4,27),(106,NULL,5,4,27),(106,NULL,6,4,27),(106,NULL,7,4,27),(106,NULL,8,4,27),(106,NULL,9,4,27),(106,NULL,10,4,27),(106,NULL,11,4,27),(106,NULL,12,4,27),(106,NULL,13,4,27),(106,NULL,1,5,27),(106,NULL,2,5,27),(106,NULL,3,5,27),(106,NULL,4,5,27),(106,NULL,5,5,27),(106,NULL,6,5,27),(106,NULL,7,5,27),(106,NULL,8,5,27),(106,NULL,9,5,27),(106,NULL,10,5,27),(106,NULL,11,5,27),(106,NULL,12,5,27),(106,NULL,13,5,27),(219,NULL,1,1,1),(219,NULL,2,1,1),(219,NULL,3,1,1),(219,NULL,4,1,1),(219,NULL,5,1,1),(219,NULL,6,1,1),(219,NULL,7,1,1),(219,NULL,8,1,1),(219,NULL,9,1,1),(219,NULL,10,1,1),(219,NULL,11,1,1),(219,NULL,12,1,1),(219,NULL,13,1,1),(219,NULL,1,2,1),(219,NULL,2,2,1),(219,NULL,3,2,1),(219,NULL,4,2,1),(219,NULL,5,2,1),(219,NULL,6,2,1),(219,NULL,7,2,1),(219,NULL,8,2,1),(219,NULL,9,2,1),(219,NULL,10,2,1),(219,NULL,11,2,1),(219,NULL,12,2,1),(219,NULL,13,2,1),(219,NULL,1,3,1),(219,NULL,2,3,1),(219,NULL,3,3,1),(219,NULL,4,3,1),(219,NULL,5,3,1),(219,NULL,6,3,1),(219,NULL,7,3,1),(219,NULL,8,3,1),(219,NULL,9,3,1),(219,NULL,10,3,1),(219,NULL,11,3,1),(219,NULL,12,3,1),(219,NULL,13,3,1),(219,NULL,1,4,1),(219,NULL,2,4,1),(219,NULL,3,4,1),(219,NULL,4,4,1),(219,NULL,5,4,1),(219,NULL,6,4,1),(219,NULL,7,4,1),(219,NULL,8,4,1),(219,NULL,9,4,1),(219,NULL,10,4,1),(219,NULL,11,4,1),(219,NULL,12,4,1),(219,NULL,13,4,1),(219,NULL,1,5,1),(219,NULL,2,5,1),(219,NULL,3,5,1),(219,NULL,4,5,1),(219,NULL,5,5,1),(219,NULL,6,5,1),(219,NULL,7,5,1),(219,NULL,8,5,1),(219,NULL,9,5,1),(219,NULL,10,5,1),(219,NULL,11,5,1),(219,NULL,12,5,1),(219,NULL,13,5,1),(219,NULL,1,1,2),(219,NULL,2,1,2),(219,NULL,3,1,2),(219,NULL,4,1,2),(219,NULL,5,1,2),(219,NULL,6,1,2),(219,NULL,7,1,2),(219,NULL,8,1,2),(219,NULL,9,1,2),(219,NULL,10,1,2),(219,NULL,11,1,2),(219,NULL,12,1,2),(219,NULL,13,1,2),(219,NULL,1,2,2),(219,NULL,2,2,2),(219,NULL,3,2,2),(219,NULL,4,2,2),(219,NULL,5,2,2),(219,NULL,6,2,2),(219,NULL,7,2,2),(219,NULL,8,2,2),(219,NULL,9,2,2),(219,NULL,10,2,2),(219,NULL,11,2,2),(219,NULL,12,2,2),(219,NULL,13,2,2),(219,NULL,1,3,2),(219,NULL,2,3,2),(219,NULL,3,3,2),(219,NULL,4,3,2),(219,NULL,5,3,2),(219,NULL,6,3,2),(219,NULL,7,3,2),(219,NULL,8,3,2),(219,NULL,9,3,2),(219,NULL,10,3,2),(219,NULL,11,3,2),(219,NULL,12,3,2),(219,NULL,13,3,2),(219,NULL,1,4,2),(219,NULL,2,4,2),(219,NULL,3,4,2),(219,NULL,4,4,2),(219,NULL,5,4,2),(219,NULL,6,4,2),(219,NULL,7,4,2),(219,NULL,8,4,2),(219,NULL,9,4,2),(219,NULL,10,4,2),(219,NULL,11,4,2),(219,NULL,12,4,2),(219,NULL,13,4,2),(219,NULL,1,5,2),(219,NULL,2,5,2),(219,NULL,3,5,2),(219,NULL,4,5,2),(219,NULL,5,5,2),(219,NULL,6,5,2),(219,NULL,7,5,2),(219,NULL,8,5,2),(219,NULL,9,5,2),(219,NULL,10,5,2),(219,NULL,11,5,2),(219,NULL,12,5,2),(219,NULL,13,5,2),(219,NULL,1,1,3),(219,NULL,2,1,3),(219,NULL,3,1,3),(219,NULL,4,1,3),(219,NULL,5,1,3),(219,NULL,6,1,3),(219,NULL,7,1,3),(219,NULL,8,1,3),(219,NULL,9,1,3),(219,NULL,10,1,3),(219,NULL,11,1,3),(219,NULL,12,1,3),(219,NULL,13,1,3),(219,NULL,1,2,3),(219,NULL,2,2,3),(219,NULL,3,2,3),(219,NULL,4,2,3),(219,NULL,5,2,3),(219,NULL,6,2,3),(219,NULL,7,2,3),(219,NULL,8,2,3),(219,NULL,9,2,3),(219,NULL,10,2,3),(219,NULL,11,2,3),(219,NULL,12,2,3),(219,NULL,13,2,3),(219,NULL,1,3,3),(219,NULL,2,3,3),(219,NULL,3,3,3),(219,NULL,4,3,3),(219,NULL,5,3,3),(219,NULL,6,3,3),(219,NULL,7,3,3),(219,NULL,8,3,3),(219,NULL,9,3,3),(219,NULL,10,3,3),(219,NULL,11,3,3),(219,NULL,12,3,3),(219,NULL,13,3,3),(219,NULL,1,4,3),(219,NULL,2,4,3),(219,NULL,3,4,3),(219,NULL,4,4,3),(219,NULL,5,4,3),(219,NULL,6,4,3),(219,NULL,7,4,3),(219,NULL,8,4,3),(219,NULL,9,4,3),(219,NULL,10,4,3),(219,NULL,11,4,3),(219,NULL,12,4,3),(219,NULL,13,4,3),(219,NULL,1,5,3),(219,NULL,2,5,3),(219,NULL,3,5,3),(219,NULL,4,5,3),(219,NULL,5,5,3),(219,NULL,6,5,3),(219,NULL,7,5,3),(219,NULL,8,5,3),(219,NULL,9,5,3),(219,NULL,10,5,3),(219,NULL,11,5,3),(219,NULL,12,5,3),(219,NULL,13,5,3),(219,NULL,1,1,4),(219,NULL,2,1,4),(219,NULL,3,1,4),(219,NULL,4,1,4),(219,NULL,5,1,4),(219,NULL,6,1,4),(219,NULL,7,1,4),(219,NULL,8,1,4),(219,NULL,9,1,4),(219,NULL,10,1,4),(219,NULL,11,1,4),(219,NULL,12,1,4),(219,NULL,13,1,4),(219,NULL,1,2,4),(219,NULL,2,2,4),(219,NULL,3,2,4),(219,NULL,4,2,4),(219,NULL,5,2,4),(219,NULL,6,2,4),(219,NULL,7,2,4),(219,NULL,8,2,4),(219,NULL,9,2,4),(219,NULL,10,2,4),(219,NULL,11,2,4),(219,NULL,12,2,4),(219,NULL,13,2,4),(219,NULL,1,3,4),(219,NULL,2,3,4),(219,NULL,3,3,4),(219,NULL,4,3,4),(219,NULL,5,3,4),(219,NULL,6,3,4),(219,NULL,7,3,4),(219,NULL,8,3,4),(219,NULL,9,3,4),(219,NULL,10,3,4),(219,NULL,11,3,4),(219,NULL,12,3,4),(219,NULL,13,3,4),(219,NULL,1,4,4),(219,NULL,2,4,4),(219,NULL,3,4,4),(219,NULL,4,4,4),(219,NULL,5,4,4),(219,NULL,6,4,4),(219,NULL,7,4,4),(219,NULL,8,4,4),(219,NULL,9,4,4),(219,NULL,10,4,4),(219,NULL,11,4,4),(219,NULL,12,4,4),(219,NULL,13,4,4),(219,NULL,1,5,4),(219,NULL,2,5,4),(219,NULL,3,5,4),(219,NULL,4,5,4),(219,NULL,5,5,4),(219,NULL,6,5,4),(219,NULL,7,5,4),(219,NULL,8,5,4),(219,NULL,9,5,4),(219,NULL,10,5,4),(219,NULL,11,5,4),(219,NULL,12,5,4),(219,NULL,13,5,4),(219,NULL,1,1,5),(219,NULL,2,1,5),(219,NULL,3,1,5),(219,NULL,4,1,5),(219,NULL,5,1,5),(219,NULL,6,1,5),(219,NULL,7,1,5),(219,NULL,8,1,5),(219,NULL,9,1,5),(219,NULL,10,1,5),(219,NULL,11,1,5),(219,NULL,12,1,5),(219,NULL,13,1,5),(219,NULL,1,2,5),(219,NULL,2,2,5),(219,NULL,3,2,5),(219,NULL,4,2,5),(219,NULL,5,2,5),(219,NULL,6,2,5),(219,NULL,7,2,5),(219,NULL,8,2,5),(219,NULL,9,2,5),(219,NULL,10,2,5),(219,NULL,11,2,5),(219,NULL,12,2,5),(219,NULL,13,2,5),(219,NULL,1,3,5),(219,NULL,2,3,5),(219,NULL,3,3,5),(219,NULL,4,3,5),(219,NULL,5,3,5),(219,NULL,6,3,5),(219,NULL,7,3,5),(219,NULL,8,3,5),(219,NULL,9,3,5),(219,NULL,10,3,5),(219,NULL,11,3,5),(219,NULL,12,3,5),(219,NULL,13,3,5),(219,NULL,1,4,5),(219,NULL,2,4,5),(219,NULL,3,4,5),(219,NULL,4,4,5),(219,NULL,5,4,5),(219,NULL,6,4,5),(219,NULL,7,4,5),(219,NULL,8,4,5),(219,NULL,9,4,5),(219,NULL,10,4,5),(219,NULL,11,4,5),(219,NULL,12,4,5),(219,NULL,13,4,5),(219,NULL,1,5,5),(219,NULL,2,5,5),(219,NULL,3,5,5),(219,NULL,4,5,5),(219,NULL,5,5,5),(219,NULL,6,5,5),(219,NULL,7,5,5),(219,NULL,8,5,5),(219,NULL,9,5,5),(219,NULL,10,5,5),(219,NULL,11,5,5),(219,NULL,12,5,5),(219,NULL,13,5,5),(219,NULL,1,1,6),(219,NULL,2,1,6),(219,NULL,3,1,6),(219,NULL,4,1,6),(219,NULL,5,1,6),(219,NULL,6,1,6),(219,NULL,7,1,6),(219,NULL,8,1,6),(219,NULL,9,1,6),(219,NULL,10,1,6),(219,NULL,11,1,6),(219,NULL,12,1,6),(219,NULL,13,1,6),(219,NULL,1,2,6),(219,NULL,2,2,6),(219,NULL,3,2,6),(219,NULL,4,2,6),(219,NULL,5,2,6),(219,NULL,6,2,6),(219,NULL,7,2,6),(219,NULL,8,2,6),(219,NULL,9,2,6),(219,NULL,10,2,6),(219,NULL,11,2,6),(219,NULL,12,2,6),(219,NULL,13,2,6),(219,NULL,1,3,6),(219,NULL,2,3,6),(219,NULL,3,3,6),(219,NULL,4,3,6),(219,NULL,5,3,6),(219,NULL,6,3,6),(219,NULL,7,3,6),(219,NULL,8,3,6),(219,NULL,9,3,6),(219,NULL,10,3,6),(219,NULL,11,3,6),(219,NULL,12,3,6),(219,NULL,13,3,6),(219,NULL,1,4,6),(219,NULL,2,4,6),(219,NULL,3,4,6),(219,NULL,4,4,6),(219,NULL,5,4,6),(219,NULL,6,4,6),(219,NULL,7,4,6),(219,NULL,8,4,6),(219,NULL,9,4,6),(219,NULL,10,4,6),(219,NULL,11,4,6),(219,NULL,12,4,6),(219,NULL,13,4,6),(219,NULL,1,5,6),(219,NULL,2,5,6),(219,NULL,3,5,6),(219,NULL,4,5,6),(219,NULL,5,5,6),(219,NULL,6,5,6),(219,NULL,7,5,6),(219,NULL,8,5,6),(219,NULL,9,5,6),(219,NULL,10,5,6),(219,NULL,11,5,6),(219,NULL,12,5,6),(219,NULL,13,5,6),(219,NULL,1,1,7),(219,NULL,2,1,7),(219,NULL,3,1,7),(219,NULL,4,1,7),(219,NULL,5,1,7),(219,NULL,6,1,7),(219,NULL,7,1,7),(219,NULL,8,1,7),(219,NULL,9,1,7),(219,NULL,10,1,7),(219,NULL,11,1,7),(219,NULL,12,1,7),(219,NULL,13,1,7),(219,NULL,1,2,7),(219,NULL,2,2,7),(219,NULL,3,2,7),(219,NULL,4,2,7),(219,NULL,5,2,7),(219,NULL,6,2,7),(219,NULL,7,2,7),(219,NULL,8,2,7),(219,NULL,9,2,7),(219,NULL,10,2,7),(219,NULL,11,2,7),(219,NULL,12,2,7),(219,NULL,13,2,7),(219,NULL,1,3,7),(219,NULL,2,3,7),(219,NULL,3,3,7),(219,NULL,4,3,7),(219,NULL,5,3,7),(219,NULL,6,3,7),(219,NULL,7,3,7),(219,NULL,8,3,7),(219,NULL,9,3,7),(219,NULL,10,3,7),(219,NULL,11,3,7),(219,NULL,12,3,7),(219,NULL,13,3,7),(219,NULL,1,4,7),(219,NULL,2,4,7),(219,NULL,3,4,7),(219,NULL,4,4,7),(219,NULL,5,4,7),(219,NULL,6,4,7),(219,NULL,7,4,7),(219,NULL,8,4,7),(219,NULL,9,4,7),(219,NULL,10,4,7),(219,NULL,11,4,7),(219,NULL,12,4,7),(219,NULL,13,4,7),(219,NULL,1,5,7),(219,NULL,2,5,7),(219,NULL,3,5,7),(219,NULL,4,5,7),(219,NULL,5,5,7),(219,NULL,6,5,7),(219,NULL,7,5,7),(219,NULL,8,5,7),(219,NULL,9,5,7),(219,NULL,10,5,7),(219,NULL,11,5,7),(219,NULL,12,5,7),(219,NULL,13,5,7),(219,NULL,1,1,8),(219,NULL,2,1,8),(219,NULL,3,1,8),(219,NULL,4,1,8),(219,NULL,5,1,8),(219,NULL,6,1,8),(219,NULL,7,1,8),(219,NULL,8,1,8),(219,NULL,9,1,8),(219,NULL,10,1,8),(219,NULL,11,1,8),(219,NULL,12,1,8),(219,NULL,13,1,8),(219,NULL,1,2,8),(219,NULL,2,2,8),(219,NULL,3,2,8),(219,NULL,4,2,8),(219,NULL,5,2,8),(219,NULL,6,2,8),(219,NULL,7,2,8),(219,NULL,8,2,8),(219,NULL,9,2,8),(219,NULL,10,2,8),(219,NULL,11,2,8),(219,NULL,12,2,8),(219,NULL,13,2,8),(219,NULL,1,3,8),(219,NULL,2,3,8),(219,NULL,3,3,8),(219,NULL,4,3,8),(219,NULL,5,3,8),(219,NULL,6,3,8),(219,NULL,7,3,8),(219,NULL,8,3,8),(219,NULL,9,3,8),(219,NULL,10,3,8),(219,NULL,11,3,8),(219,NULL,12,3,8),(219,NULL,13,3,8),(219,NULL,1,4,8),(219,NULL,2,4,8),(219,NULL,3,4,8),(219,NULL,4,4,8),(219,NULL,5,4,8),(219,NULL,6,4,8),(219,NULL,7,4,8),(219,NULL,8,4,8),(219,NULL,9,4,8),(219,NULL,10,4,8),(219,NULL,11,4,8),(219,NULL,12,4,8),(219,NULL,13,4,8),(219,NULL,1,5,8),(219,NULL,2,5,8),(219,NULL,3,5,8),(219,NULL,4,5,8),(219,NULL,5,5,8),(219,NULL,6,5,8),(219,NULL,7,5,8),(219,NULL,8,5,8),(219,NULL,9,5,8),(219,NULL,10,5,8),(219,NULL,11,5,8),(219,NULL,12,5,8),(219,NULL,13,5,8),(219,NULL,1,1,9),(219,NULL,2,1,9),(219,NULL,3,1,9),(219,NULL,4,1,9),(219,NULL,5,1,9),(219,NULL,6,1,9),(219,NULL,7,1,9),(219,NULL,8,1,9),(219,NULL,9,1,9),(219,NULL,10,1,9),(219,NULL,11,1,9),(219,NULL,12,1,9),(219,NULL,13,1,9),(219,NULL,1,2,9),(219,NULL,2,2,9),(219,NULL,3,2,9),(219,NULL,4,2,9),(219,NULL,5,2,9),(219,NULL,6,2,9),(219,NULL,7,2,9),(219,NULL,8,2,9),(219,NULL,9,2,9),(219,NULL,10,2,9),(219,NULL,11,2,9),(219,NULL,12,2,9),(219,NULL,13,2,9),(219,NULL,1,3,9),(219,NULL,2,3,9),(219,NULL,3,3,9),(219,NULL,4,3,9),(219,NULL,5,3,9),(219,NULL,6,3,9),(219,NULL,7,3,9),(219,NULL,8,3,9),(219,NULL,9,3,9),(219,NULL,10,3,9),(219,NULL,11,3,9),(219,NULL,12,3,9),(219,NULL,13,3,9),(219,NULL,1,4,9),(219,NULL,2,4,9),(219,NULL,3,4,9),(219,NULL,4,4,9),(219,NULL,5,4,9),(219,NULL,6,4,9),(219,NULL,7,4,9),(219,NULL,8,4,9),(219,NULL,9,4,9),(219,NULL,10,4,9),(219,NULL,11,4,9),(219,NULL,12,4,9),(219,NULL,13,4,9),(219,NULL,1,5,9),(219,NULL,2,5,9),(219,NULL,3,5,9),(219,NULL,4,5,9),(219,NULL,5,5,9),(219,NULL,6,5,9),(219,NULL,7,5,9),(219,NULL,8,5,9),(219,NULL,9,5,9),(219,NULL,10,5,9),(219,NULL,11,5,9),(219,NULL,12,5,9),(219,NULL,13,5,9),(219,NULL,1,1,10),(219,NULL,2,1,10),(219,NULL,3,1,10),(219,NULL,4,1,10),(219,NULL,5,1,10),(219,NULL,6,1,10),(219,NULL,7,1,10),(219,NULL,8,1,10),(219,NULL,9,1,10),(219,NULL,10,1,10),(219,NULL,11,1,10),(219,NULL,12,1,10),(219,NULL,13,1,10),(219,NULL,1,2,10),(219,NULL,2,2,10),(219,NULL,3,2,10),(219,NULL,4,2,10),(219,NULL,5,2,10),(219,NULL,6,2,10),(219,NULL,7,2,10),(219,NULL,8,2,10),(219,NULL,9,2,10),(219,NULL,10,2,10),(219,NULL,11,2,10),(219,NULL,12,2,10),(219,NULL,13,2,10),(219,NULL,1,3,10),(219,NULL,2,3,10),(219,NULL,3,3,10),(219,NULL,4,3,10),(219,NULL,5,3,10),(219,NULL,6,3,10),(219,NULL,7,3,10),(219,NULL,8,3,10),(219,NULL,9,3,10),(219,NULL,10,3,10),(219,NULL,11,3,10),(219,NULL,12,3,10),(219,NULL,13,3,10),(219,NULL,1,4,10),(219,NULL,2,4,10),(219,NULL,3,4,10),(219,NULL,4,4,10),(219,NULL,5,4,10),(219,NULL,6,4,10),(219,NULL,7,4,10),(219,NULL,8,4,10),(219,NULL,9,4,10),(219,NULL,10,4,10),(219,NULL,11,4,10),(219,NULL,12,4,10),(219,NULL,13,4,10),(219,NULL,1,5,10),(219,NULL,2,5,10),(219,NULL,3,5,10),(219,NULL,4,5,10),(219,NULL,5,5,10),(219,NULL,6,5,10),(219,NULL,7,5,10),(219,NULL,8,5,10),(219,NULL,9,5,10),(219,NULL,10,5,10),(219,NULL,11,5,10),(219,NULL,12,5,10),(219,NULL,13,5,10),(219,NULL,1,1,11),(219,NULL,2,1,11),(219,NULL,3,1,11),(219,NULL,4,1,11),(219,NULL,5,1,11),(219,NULL,6,1,11),(219,NULL,7,1,11),(219,NULL,8,1,11),(219,NULL,9,1,11),(219,NULL,10,1,11),(219,NULL,11,1,11),(219,NULL,12,1,11),(219,NULL,13,1,11),(219,NULL,1,2,11),(219,NULL,2,2,11),(219,NULL,3,2,11),(219,NULL,4,2,11),(219,NULL,5,2,11),(219,NULL,6,2,11),(219,NULL,7,2,11),(219,NULL,8,2,11),(219,NULL,9,2,11),(219,NULL,10,2,11),(219,NULL,11,2,11),(219,NULL,12,2,11),(219,NULL,13,2,11),(219,NULL,1,3,11),(219,NULL,2,3,11),(219,NULL,3,3,11),(219,NULL,4,3,11),(219,NULL,5,3,11),(219,NULL,6,3,11),(219,NULL,7,3,11),(219,NULL,8,3,11),(219,NULL,9,3,11),(219,NULL,10,3,11),(219,NULL,11,3,11),(219,NULL,12,3,11),(219,NULL,13,3,11),(219,NULL,1,4,11),(219,NULL,2,4,11),(219,NULL,3,4,11),(219,NULL,4,4,11),(219,NULL,5,4,11),(219,NULL,6,4,11),(219,NULL,7,4,11),(219,NULL,8,4,11),(219,NULL,9,4,11),(219,NULL,10,4,11),(219,NULL,11,4,11),(219,NULL,12,4,11),(219,NULL,13,4,11),(219,NULL,1,5,11),(219,NULL,2,5,11),(219,NULL,3,5,11),(219,NULL,4,5,11),(219,NULL,5,5,11),(219,NULL,6,5,11),(219,NULL,7,5,11),(219,NULL,8,5,11),(219,NULL,9,5,11),(219,NULL,10,5,11),(219,NULL,11,5,11),(219,NULL,12,5,11),(219,NULL,13,5,11),(219,NULL,1,1,12),(219,NULL,2,1,12),(219,NULL,3,1,12),(219,NULL,4,1,12),(219,NULL,5,1,12),(219,NULL,6,1,12),(219,NULL,7,1,12),(219,NULL,8,1,12),(219,NULL,9,1,12),(219,NULL,10,1,12),(219,NULL,11,1,12),(219,NULL,12,1,12),(219,NULL,13,1,12),(219,NULL,1,2,12),(219,NULL,2,2,12),(219,NULL,3,2,12),(219,NULL,4,2,12),(219,NULL,5,2,12),(219,NULL,6,2,12),(219,NULL,7,2,12),(219,NULL,8,2,12),(219,NULL,9,2,12),(219,NULL,10,2,12),(219,NULL,11,2,12),(219,NULL,12,2,12),(219,NULL,13,2,12),(219,NULL,1,3,12),(219,NULL,2,3,12),(219,NULL,3,3,12),(219,NULL,4,3,12),(219,NULL,5,3,12),(219,NULL,6,3,12),(219,NULL,7,3,12),(219,NULL,8,3,12),(219,NULL,9,3,12),(219,NULL,10,3,12),(219,NULL,11,3,12),(219,NULL,12,3,12),(219,NULL,13,3,12),(219,NULL,1,4,12),(219,NULL,2,4,12),(219,NULL,3,4,12),(219,NULL,4,4,12),(219,NULL,5,4,12),(219,NULL,6,4,12),(219,NULL,7,4,12),(219,NULL,8,4,12),(219,NULL,9,4,12),(219,NULL,10,4,12),(219,NULL,11,4,12),(219,NULL,12,4,12),(219,NULL,13,4,12),(219,NULL,1,5,12),(219,NULL,2,5,12),(219,NULL,3,5,12),(219,NULL,4,5,12),(219,NULL,5,5,12),(219,NULL,6,5,12),(219,NULL,7,5,12),(219,NULL,8,5,12),(219,NULL,9,5,12),(219,NULL,10,5,12),(219,NULL,11,5,12),(219,NULL,12,5,12),(219,NULL,13,5,12),(219,NULL,1,1,13),(219,NULL,2,1,13),(219,NULL,3,1,13),(219,NULL,4,1,13),(219,NULL,5,1,13),(219,NULL,6,1,13),(219,NULL,7,1,13),(219,NULL,8,1,13),(219,NULL,9,1,13),(219,NULL,10,1,13),(219,NULL,11,1,13),(219,NULL,12,1,13),(219,NULL,13,1,13),(219,NULL,1,2,13),(219,NULL,2,2,13),(219,NULL,3,2,13),(219,NULL,4,2,13),(219,NULL,5,2,13),(219,NULL,6,2,13),(219,NULL,7,2,13),(219,NULL,8,2,13),(219,NULL,9,2,13),(219,NULL,10,2,13),(219,NULL,11,2,13),(219,NULL,12,2,13),(219,NULL,13,2,13),(219,NULL,1,3,13),(219,NULL,2,3,13),(219,NULL,3,3,13),(219,NULL,4,3,13),(219,NULL,5,3,13),(219,NULL,6,3,13),(219,NULL,7,3,13),(219,NULL,8,3,13),(219,NULL,9,3,13),(219,NULL,10,3,13),(219,NULL,11,3,13),(219,NULL,12,3,13),(219,NULL,13,3,13),(219,NULL,1,4,13),(219,NULL,2,4,13),(219,NULL,3,4,13),(219,NULL,4,4,13),(219,NULL,5,4,13),(219,NULL,6,4,13),(219,NULL,7,4,13),(219,NULL,8,4,13),(219,NULL,9,4,13),(219,NULL,10,4,13),(219,NULL,11,4,13),(219,NULL,12,4,13),(219,NULL,13,4,13),(219,NULL,1,5,13),(219,NULL,2,5,13),(219,NULL,3,5,13),(219,NULL,4,5,13),(219,NULL,5,5,13),(219,NULL,6,5,13),(219,NULL,7,5,13),(219,NULL,8,5,13),(219,NULL,9,5,13),(219,NULL,10,5,13),(219,NULL,11,5,13),(219,NULL,12,5,13),(219,NULL,13,5,13),(219,NULL,1,1,14),(219,NULL,2,1,14),(219,NULL,3,1,14),(219,NULL,4,1,14),(219,NULL,5,1,14),(219,NULL,6,1,14),(219,NULL,7,1,14),(219,NULL,8,1,14),(219,NULL,9,1,14),(219,NULL,10,1,14),(219,NULL,11,1,14),(219,NULL,12,1,14),(219,NULL,13,1,14),(219,NULL,1,2,14),(219,NULL,2,2,14),(219,NULL,3,2,14),(219,NULL,4,2,14),(219,NULL,5,2,14),(219,NULL,6,2,14),(219,NULL,7,2,14),(219,NULL,8,2,14),(219,NULL,9,2,14),(219,NULL,10,2,14),(219,NULL,11,2,14),(219,NULL,12,2,14),(219,NULL,13,2,14),(219,NULL,1,3,14),(219,NULL,2,3,14),(219,NULL,3,3,14),(219,NULL,4,3,14),(219,NULL,5,3,14),(219,NULL,6,3,14),(219,NULL,7,3,14),(219,NULL,8,3,14),(219,NULL,9,3,14),(219,NULL,10,3,14),(219,NULL,11,3,14),(219,NULL,12,3,14),(219,NULL,13,3,14),(219,NULL,1,4,14),(219,NULL,2,4,14),(219,NULL,3,4,14),(219,NULL,4,4,14),(219,NULL,5,4,14),(219,NULL,6,4,14),(219,NULL,7,4,14),(219,NULL,8,4,14),(219,NULL,9,4,14),(219,NULL,10,4,14),(219,NULL,11,4,14),(219,NULL,12,4,14),(219,NULL,13,4,14),(219,NULL,1,5,14),(219,NULL,2,5,14),(219,NULL,3,5,14),(219,NULL,4,5,14),(219,NULL,5,5,14),(219,NULL,6,5,14),(219,NULL,7,5,14),(219,NULL,8,5,14),(219,NULL,9,5,14),(219,NULL,10,5,14),(219,NULL,11,5,14),(219,NULL,12,5,14),(219,NULL,13,5,14),(219,NULL,1,1,15),(219,NULL,2,1,15),(219,NULL,3,1,15),(219,NULL,4,1,15),(219,NULL,5,1,15),(219,NULL,6,1,15),(219,NULL,7,1,15),(219,NULL,8,1,15),(219,NULL,9,1,15),(219,NULL,10,1,15),(219,NULL,11,1,15),(219,NULL,12,1,15),(219,NULL,13,1,15),(219,NULL,1,2,15),(219,NULL,2,2,15),(219,NULL,3,2,15),(219,NULL,4,2,15),(219,NULL,5,2,15),(219,NULL,6,2,15),(219,NULL,7,2,15),(219,NULL,8,2,15),(219,NULL,9,2,15),(219,NULL,10,2,15),(219,NULL,11,2,15),(219,NULL,12,2,15),(219,NULL,13,2,15),(219,NULL,1,3,15),(219,NULL,2,3,15),(219,NULL,3,3,15),(219,NULL,4,3,15),(219,NULL,5,3,15),(219,NULL,6,3,15),(219,NULL,7,3,15),(219,NULL,8,3,15),(219,NULL,9,3,15),(219,NULL,10,3,15),(219,NULL,11,3,15),(219,NULL,12,3,15),(219,NULL,13,3,15),(219,NULL,1,4,15),(219,NULL,2,4,15),(219,NULL,3,4,15),(219,NULL,4,4,15),(219,NULL,5,4,15),(219,NULL,6,4,15),(219,NULL,7,4,15),(219,NULL,8,4,15),(219,NULL,9,4,15),(219,NULL,10,4,15),(219,NULL,11,4,15),(219,NULL,12,4,15),(219,NULL,13,4,15),(219,NULL,1,5,15),(219,NULL,2,5,15),(219,NULL,3,5,15),(219,NULL,4,5,15),(219,NULL,5,5,15),(219,NULL,6,5,15),(219,NULL,7,5,15),(219,NULL,8,5,15),(219,NULL,9,5,15),(219,NULL,10,5,15),(219,NULL,11,5,15),(219,NULL,12,5,15),(219,NULL,13,5,15),(219,NULL,1,1,16),(219,NULL,2,1,16),(219,NULL,3,1,16),(219,NULL,4,1,16),(219,NULL,5,1,16),(219,NULL,6,1,16),(219,NULL,7,1,16),(219,NULL,8,1,16),(219,NULL,9,1,16),(219,NULL,10,1,16),(219,NULL,11,1,16),(219,NULL,12,1,16),(219,NULL,13,1,16),(219,NULL,1,2,16),(219,NULL,2,2,16),(219,NULL,3,2,16),(219,NULL,4,2,16),(219,NULL,5,2,16),(219,NULL,6,2,16),(219,NULL,7,2,16),(219,NULL,8,2,16),(219,NULL,9,2,16),(219,NULL,10,2,16),(219,NULL,11,2,16),(219,NULL,12,2,16),(219,NULL,13,2,16),(219,NULL,1,3,16),(219,NULL,2,3,16),(219,NULL,3,3,16),(219,NULL,4,3,16),(219,NULL,5,3,16),(219,NULL,6,3,16),(219,NULL,7,3,16),(219,NULL,8,3,16),(219,NULL,9,3,16),(219,NULL,10,3,16),(219,NULL,11,3,16),(219,NULL,12,3,16),(219,NULL,13,3,16),(219,NULL,1,4,16),(219,NULL,2,4,16),(219,NULL,3,4,16),(219,NULL,4,4,16),(219,NULL,5,4,16),(219,NULL,6,4,16),(219,NULL,7,4,16),(219,NULL,8,4,16),(219,NULL,9,4,16),(219,NULL,10,4,16),(219,NULL,11,4,16),(219,NULL,12,4,16),(219,NULL,13,4,16),(219,NULL,1,5,16),(219,NULL,2,5,16),(219,NULL,3,5,16),(219,NULL,4,5,16),(219,NULL,5,5,16),(219,NULL,6,5,16),(219,NULL,7,5,16),(219,NULL,8,5,16),(219,NULL,9,5,16),(219,NULL,10,5,16),(219,NULL,11,5,16),(219,NULL,12,5,16),(219,NULL,13,5,16),(219,NULL,1,1,17),(219,NULL,2,1,17),(219,NULL,3,1,17),(219,NULL,4,1,17),(219,NULL,5,1,17),(219,NULL,6,1,17),(219,NULL,7,1,17),(219,NULL,8,1,17),(219,NULL,9,1,17),(219,NULL,10,1,17),(219,NULL,11,1,17),(219,NULL,12,1,17),(219,NULL,13,1,17),(219,NULL,1,2,17),(219,NULL,2,2,17),(219,NULL,3,2,17),(219,NULL,4,2,17),(219,NULL,5,2,17),(219,NULL,6,2,17),(219,NULL,7,2,17),(219,NULL,8,2,17),(219,NULL,9,2,17),(219,NULL,10,2,17),(219,NULL,11,2,17),(219,NULL,12,2,17),(219,NULL,13,2,17),(219,NULL,1,3,17),(219,NULL,2,3,17),(219,NULL,3,3,17),(219,NULL,4,3,17),(219,NULL,5,3,17),(219,NULL,6,3,17),(219,NULL,7,3,17),(219,NULL,8,3,17),(219,NULL,9,3,17),(219,NULL,10,3,17),(219,NULL,11,3,17),(219,NULL,12,3,17),(219,NULL,13,3,17),(219,NULL,1,4,17),(219,NULL,2,4,17),(219,NULL,3,4,17),(219,NULL,4,4,17),(219,NULL,5,4,17),(219,NULL,6,4,17),(219,NULL,7,4,17),(219,NULL,8,4,17),(219,NULL,9,4,17),(219,NULL,10,4,17),(219,NULL,11,4,17),(219,NULL,12,4,17),(219,NULL,13,4,17),(219,NULL,1,5,17),(219,NULL,2,5,17),(219,NULL,3,5,17),(219,NULL,4,5,17),(219,NULL,5,5,17),(219,NULL,6,5,17),(219,NULL,7,5,17),(219,NULL,8,5,17),(219,NULL,9,5,17),(219,NULL,10,5,17),(219,NULL,11,5,17),(219,NULL,12,5,17),(219,NULL,13,5,17),(219,NULL,1,1,18),(219,NULL,2,1,18),(219,NULL,3,1,18),(219,NULL,4,1,18),(219,NULL,5,1,18),(219,NULL,6,1,18),(219,NULL,7,1,18),(219,NULL,8,1,18),(219,NULL,9,1,18),(219,NULL,10,1,18),(219,NULL,11,1,18),(219,NULL,12,1,18),(219,NULL,13,1,18),(219,NULL,1,2,18),(219,NULL,2,2,18),(219,NULL,3,2,18),(219,NULL,4,2,18),(219,NULL,5,2,18),(219,NULL,6,2,18),(219,NULL,7,2,18),(219,NULL,8,2,18),(219,NULL,9,2,18),(219,NULL,10,2,18),(219,NULL,11,2,18),(219,NULL,12,2,18),(219,NULL,13,2,18),(219,NULL,1,3,18),(219,NULL,2,3,18),(219,NULL,3,3,18),(219,NULL,4,3,18),(219,NULL,5,3,18),(219,NULL,6,3,18),(219,NULL,7,3,18),(219,NULL,8,3,18),(219,NULL,9,3,18),(219,NULL,10,3,18),(219,NULL,11,3,18),(219,NULL,12,3,18),(219,NULL,13,3,18),(219,NULL,1,4,18),(219,NULL,2,4,18),(219,NULL,3,4,18),(219,NULL,4,4,18),(219,NULL,5,4,18),(219,NULL,6,4,18),(219,NULL,7,4,18),(219,NULL,8,4,18),(219,NULL,9,4,18),(219,NULL,10,4,18),(219,NULL,11,4,18),(219,NULL,12,4,18),(219,NULL,13,4,18),(219,NULL,1,5,18),(219,NULL,2,5,18),(219,NULL,3,5,18),(219,NULL,4,5,18),(219,NULL,5,5,18),(219,NULL,6,5,18),(219,NULL,7,5,18),(219,NULL,8,5,18),(219,NULL,9,5,18),(219,NULL,10,5,18),(219,NULL,11,5,18),(219,NULL,12,5,18),(219,NULL,13,5,18),(219,NULL,1,1,19),(219,NULL,2,1,19),(219,NULL,3,1,19),(219,NULL,4,1,19),(219,NULL,5,1,19),(219,NULL,6,1,19),(219,NULL,7,1,19),(219,NULL,8,1,19),(219,NULL,9,1,19),(219,NULL,10,1,19),(219,NULL,11,1,19),(219,NULL,12,1,19),(219,NULL,13,1,19),(219,NULL,1,2,19),(219,NULL,2,2,19),(219,NULL,3,2,19),(219,NULL,4,2,19),(219,NULL,5,2,19),(219,NULL,6,2,19),(219,NULL,7,2,19),(219,NULL,8,2,19),(219,NULL,9,2,19),(219,NULL,10,2,19),(219,NULL,11,2,19),(219,NULL,12,2,19),(219,NULL,13,2,19),(219,NULL,1,3,19),(219,NULL,2,3,19),(219,NULL,3,3,19),(219,NULL,4,3,19),(219,NULL,5,3,19),(219,NULL,6,3,19),(219,NULL,7,3,19),(219,NULL,8,3,19),(219,NULL,9,3,19),(219,NULL,10,3,19),(219,NULL,11,3,19),(219,NULL,12,3,19),(219,NULL,13,3,19),(219,NULL,1,4,19),(219,NULL,2,4,19),(219,NULL,3,4,19),(219,NULL,4,4,19),(219,NULL,5,4,19),(219,NULL,6,4,19),(219,NULL,7,4,19),(219,NULL,8,4,19),(219,NULL,9,4,19),(219,NULL,10,4,19),(219,NULL,11,4,19),(219,NULL,12,4,19),(219,NULL,13,4,19),(219,NULL,1,5,19),(219,NULL,2,5,19),(219,NULL,3,5,19),(219,NULL,4,5,19),(219,NULL,5,5,19),(219,NULL,6,5,19),(219,NULL,7,5,19),(219,NULL,8,5,19),(219,NULL,9,5,19),(219,NULL,10,5,19),(219,NULL,11,5,19),(219,NULL,12,5,19),(219,NULL,13,5,19),(219,NULL,1,1,20),(219,NULL,2,1,20),(219,NULL,3,1,20),(219,NULL,4,1,20),(219,NULL,5,1,20),(219,NULL,6,1,20),(219,NULL,7,1,20),(219,NULL,8,1,20),(219,NULL,9,1,20),(219,NULL,10,1,20),(219,NULL,11,1,20),(219,NULL,12,1,20),(219,NULL,13,1,20),(219,NULL,1,2,20),(219,NULL,2,2,20),(219,NULL,3,2,20),(219,NULL,4,2,20),(219,NULL,5,2,20),(219,NULL,6,2,20),(219,NULL,7,2,20),(219,NULL,8,2,20),(219,NULL,9,2,20),(219,NULL,10,2,20),(219,NULL,11,2,20),(219,NULL,12,2,20),(219,NULL,13,2,20),(219,NULL,1,3,20),(219,NULL,2,3,20),(219,NULL,3,3,20),(219,NULL,4,3,20),(219,NULL,5,3,20),(219,NULL,6,3,20),(219,NULL,7,3,20),(219,NULL,8,3,20),(219,NULL,9,3,20),(219,NULL,10,3,20),(219,NULL,11,3,20),(219,NULL,12,3,20),(219,NULL,13,3,20),(219,NULL,1,4,20),(219,NULL,2,4,20),(219,NULL,3,4,20),(219,NULL,4,4,20),(219,NULL,5,4,20),(219,NULL,6,4,20),(219,NULL,7,4,20),(219,NULL,8,4,20),(219,NULL,9,4,20),(219,NULL,10,4,20),(219,NULL,11,4,20),(219,NULL,12,4,20),(219,NULL,13,4,20),(219,NULL,1,5,20),(219,NULL,2,5,20),(219,NULL,3,5,20),(219,NULL,4,5,20),(219,NULL,5,5,20),(219,NULL,6,5,20),(219,NULL,7,5,20),(219,NULL,8,5,20),(219,NULL,9,5,20),(219,NULL,10,5,20),(219,NULL,11,5,20),(219,NULL,12,5,20),(219,NULL,13,5,20),(219,NULL,1,1,21),(219,NULL,2,1,21),(219,NULL,3,1,21),(219,NULL,4,1,21),(219,NULL,5,1,21),(219,NULL,6,1,21),(219,NULL,7,1,21),(219,NULL,8,1,21),(219,NULL,9,1,21),(219,NULL,10,1,21),(219,NULL,11,1,21),(219,NULL,12,1,21),(219,NULL,13,1,21),(219,NULL,1,2,21),(219,NULL,2,2,21),(219,NULL,3,2,21),(219,NULL,4,2,21),(219,NULL,5,2,21),(219,NULL,6,2,21),(219,NULL,7,2,21),(219,NULL,8,2,21),(219,NULL,9,2,21),(219,NULL,10,2,21),(219,NULL,11,2,21),(219,NULL,12,2,21),(219,NULL,13,2,21),(219,NULL,1,3,21),(219,NULL,2,3,21),(219,NULL,3,3,21),(219,NULL,4,3,21),(219,NULL,5,3,21),(219,NULL,6,3,21),(219,NULL,7,3,21),(219,NULL,8,3,21),(219,NULL,9,3,21),(219,NULL,10,3,21),(219,NULL,11,3,21),(219,NULL,12,3,21),(219,NULL,13,3,21),(219,NULL,1,4,21),(219,NULL,2,4,21),(219,NULL,3,4,21),(219,NULL,4,4,21),(219,NULL,5,4,21),(219,NULL,6,4,21),(219,NULL,7,4,21),(219,NULL,8,4,21),(219,NULL,9,4,21),(219,NULL,10,4,21),(219,NULL,11,4,21),(219,NULL,12,4,21),(219,NULL,13,4,21),(219,NULL,1,5,21),(219,NULL,2,5,21),(219,NULL,3,5,21),(219,NULL,4,5,21),(219,NULL,5,5,21),(219,NULL,6,5,21),(219,NULL,7,5,21),(219,NULL,8,5,21),(219,NULL,9,5,21),(219,NULL,10,5,21),(219,NULL,11,5,21),(219,NULL,12,5,21),(219,NULL,13,5,21),(219,NULL,1,1,22),(219,NULL,2,1,22),(219,NULL,3,1,22),(219,NULL,4,1,22),(219,NULL,5,1,22),(219,NULL,6,1,22),(219,NULL,7,1,22),(219,NULL,8,1,22),(219,NULL,9,1,22),(219,NULL,10,1,22),(219,NULL,11,1,22),(219,NULL,12,1,22),(219,NULL,13,1,22),(219,NULL,1,2,22),(219,NULL,2,2,22),(219,NULL,3,2,22),(219,NULL,4,2,22),(219,NULL,5,2,22),(219,NULL,6,2,22),(219,NULL,7,2,22),(219,NULL,8,2,22),(219,NULL,9,2,22),(219,NULL,10,2,22),(219,NULL,11,2,22),(219,NULL,12,2,22),(219,NULL,13,2,22),(219,NULL,1,3,22),(219,NULL,2,3,22),(219,NULL,3,3,22),(219,NULL,4,3,22),(219,NULL,5,3,22),(219,NULL,6,3,22),(219,NULL,7,3,22),(219,NULL,8,3,22),(219,NULL,9,3,22),(219,NULL,10,3,22),(219,NULL,11,3,22),(219,NULL,12,3,22),(219,NULL,13,3,22),(219,NULL,1,4,22),(219,NULL,2,4,22),(219,NULL,3,4,22),(219,NULL,4,4,22),(219,NULL,5,4,22),(219,NULL,6,4,22),(219,NULL,7,4,22),(219,NULL,8,4,22),(219,NULL,9,4,22),(219,NULL,10,4,22),(219,NULL,11,4,22),(219,NULL,12,4,22),(219,NULL,13,4,22),(219,NULL,1,5,22),(219,NULL,2,5,22),(219,NULL,3,5,22),(219,NULL,4,5,22),(219,NULL,5,5,22),(219,NULL,6,5,22),(219,NULL,7,5,22),(219,NULL,8,5,22),(219,NULL,9,5,22),(219,NULL,10,5,22),(219,NULL,11,5,22),(219,NULL,12,5,22),(219,NULL,13,5,22),(219,NULL,1,1,23),(219,NULL,2,1,23),(219,NULL,3,1,23),(219,NULL,4,1,23),(219,NULL,5,1,23),(219,NULL,6,1,23),(219,NULL,7,1,23),(219,NULL,8,1,23),(219,NULL,9,1,23),(219,NULL,10,1,23),(219,NULL,11,1,23),(219,NULL,12,1,23),(219,NULL,13,1,23),(219,NULL,1,2,23),(219,NULL,2,2,23),(219,NULL,3,2,23),(219,NULL,4,2,23),(219,NULL,5,2,23),(219,NULL,6,2,23),(219,NULL,7,2,23),(219,NULL,8,2,23),(219,NULL,9,2,23),(219,NULL,10,2,23),(219,NULL,11,2,23),(219,NULL,12,2,23),(219,NULL,13,2,23),(219,NULL,1,3,23),(219,NULL,2,3,23),(219,NULL,3,3,23),(219,NULL,4,3,23),(219,NULL,5,3,23),(219,NULL,6,3,23),(219,NULL,7,3,23),(219,NULL,8,3,23),(219,NULL,9,3,23),(219,NULL,10,3,23),(219,NULL,11,3,23),(219,NULL,12,3,23),(219,NULL,13,3,23),(219,NULL,1,4,23),(219,NULL,2,4,23),(219,NULL,3,4,23),(219,NULL,4,4,23),(219,NULL,5,4,23),(219,NULL,6,4,23),(219,NULL,7,4,23),(219,NULL,8,4,23),(219,NULL,9,4,23),(219,NULL,10,4,23),(219,NULL,11,4,23),(219,NULL,12,4,23),(219,NULL,13,4,23),(219,NULL,1,5,23),(219,NULL,2,5,23),(219,NULL,3,5,23),(219,NULL,4,5,23),(219,NULL,5,5,23),(219,NULL,6,5,23),(219,NULL,7,5,23),(219,NULL,8,5,23),(219,NULL,9,5,23),(219,NULL,10,5,23),(219,NULL,11,5,23),(219,NULL,12,5,23),(219,NULL,13,5,23),(219,NULL,1,1,24),(219,NULL,2,1,24),(219,NULL,3,1,24),(219,NULL,4,1,24),(219,NULL,5,1,24),(219,NULL,6,1,24),(219,NULL,7,1,24),(219,NULL,8,1,24),(219,NULL,9,1,24),(219,NULL,10,1,24),(219,NULL,11,1,24),(219,NULL,12,1,24),(219,NULL,13,1,24),(219,NULL,1,2,24),(219,NULL,2,2,24),(219,NULL,3,2,24),(219,NULL,4,2,24),(219,NULL,5,2,24),(219,NULL,6,2,24),(219,NULL,7,2,24),(219,NULL,8,2,24),(219,NULL,9,2,24),(219,NULL,10,2,24),(219,NULL,11,2,24),(219,NULL,12,2,24),(219,NULL,13,2,24),(219,NULL,1,3,24),(219,NULL,2,3,24),(219,NULL,3,3,24),(219,NULL,4,3,24),(219,NULL,5,3,24),(219,NULL,6,3,24),(219,NULL,7,3,24),(219,NULL,8,3,24),(219,NULL,9,3,24),(219,NULL,10,3,24),(219,NULL,11,3,24),(219,NULL,12,3,24),(219,NULL,13,3,24),(219,NULL,1,4,24),(219,NULL,2,4,24),(219,NULL,3,4,24),(219,NULL,4,4,24),(219,NULL,5,4,24),(219,NULL,6,4,24),(219,NULL,7,4,24),(219,NULL,8,4,24),(219,NULL,9,4,24),(219,NULL,10,4,24),(219,NULL,11,4,24),(219,NULL,12,4,24),(219,NULL,13,4,24),(219,NULL,1,5,24),(219,NULL,2,5,24),(219,NULL,3,5,24),(219,NULL,4,5,24),(219,NULL,5,5,24),(219,NULL,6,5,24),(219,NULL,7,5,24),(219,NULL,8,5,24),(219,NULL,9,5,24),(219,NULL,10,5,24),(219,NULL,11,5,24),(219,NULL,12,5,24),(219,NULL,13,5,24),(219,NULL,1,1,25),(219,NULL,2,1,25),(219,NULL,3,1,25),(219,NULL,4,1,25),(219,NULL,5,1,25),(219,NULL,6,1,25),(219,NULL,7,1,25),(219,NULL,8,1,25),(219,NULL,9,1,25),(219,NULL,10,1,25),(219,NULL,11,1,25),(219,NULL,12,1,25),(219,NULL,13,1,25),(219,NULL,1,2,25),(219,NULL,2,2,25),(219,NULL,3,2,25),(219,NULL,4,2,25),(219,NULL,5,2,25),(219,NULL,6,2,25),(219,NULL,7,2,25),(219,NULL,8,2,25),(219,NULL,9,2,25),(219,NULL,10,2,25),(219,NULL,11,2,25),(219,NULL,12,2,25),(219,NULL,13,2,25),(219,NULL,1,3,25),(219,NULL,2,3,25),(219,NULL,3,3,25),(219,NULL,4,3,25),(219,NULL,5,3,25),(219,NULL,6,3,25),(219,NULL,7,3,25),(219,NULL,8,3,25),(219,NULL,9,3,25),(219,NULL,10,3,25),(219,NULL,11,3,25),(219,NULL,12,3,25),(219,NULL,13,3,25),(219,NULL,1,4,25),(219,NULL,2,4,25),(219,NULL,3,4,25),(219,NULL,4,4,25),(219,NULL,5,4,25),(219,NULL,6,4,25),(219,NULL,7,4,25),(219,NULL,8,4,25),(219,NULL,9,4,25),(219,NULL,10,4,25),(219,NULL,11,4,25),(219,NULL,12,4,25),(219,NULL,13,4,25),(219,NULL,1,5,25),(219,NULL,2,5,25),(219,NULL,3,5,25),(219,NULL,4,5,25),(219,NULL,5,5,25),(219,NULL,6,5,25),(219,NULL,7,5,25),(219,NULL,8,5,25),(219,NULL,9,5,25),(219,NULL,10,5,25),(219,NULL,11,5,25),(219,NULL,12,5,25),(219,NULL,13,5,25),(219,NULL,1,1,26),(219,NULL,2,1,26),(219,NULL,3,1,26),(219,NULL,4,1,26),(219,NULL,5,1,26),(219,NULL,6,1,26),(219,NULL,7,1,26),(219,NULL,8,1,26),(219,NULL,9,1,26),(219,NULL,10,1,26),(219,NULL,11,1,26),(219,NULL,12,1,26),(219,NULL,13,1,26),(219,NULL,1,2,26),(219,NULL,2,2,26),(219,NULL,3,2,26),(219,NULL,4,2,26),(219,NULL,5,2,26),(219,NULL,6,2,26),(219,NULL,7,2,26),(219,NULL,8,2,26),(219,NULL,9,2,26),(219,NULL,10,2,26),(219,NULL,11,2,26),(219,NULL,12,2,26),(219,NULL,13,2,26),(219,NULL,1,3,26),(219,NULL,2,3,26),(219,NULL,3,3,26),(219,NULL,4,3,26),(219,NULL,5,3,26),(219,NULL,6,3,26),(219,NULL,7,3,26),(219,NULL,8,3,26),(219,NULL,9,3,26),(219,NULL,10,3,26),(219,NULL,11,3,26),(219,NULL,12,3,26),(219,NULL,13,3,26),(219,NULL,1,4,26),(219,NULL,2,4,26),(219,NULL,3,4,26),(219,NULL,4,4,26),(219,NULL,5,4,26),(219,NULL,6,4,26),(219,NULL,7,4,26),(219,NULL,8,4,26),(219,NULL,9,4,26),(219,NULL,10,4,26),(219,NULL,11,4,26),(219,NULL,12,4,26),(219,NULL,13,4,26),(219,NULL,1,5,26),(219,NULL,2,5,26),(219,NULL,3,5,26),(219,NULL,4,5,26),(219,NULL,5,5,26),(219,NULL,6,5,26),(219,NULL,7,5,26),(219,NULL,8,5,26),(219,NULL,9,5,26),(219,NULL,10,5,26),(219,NULL,11,5,26),(219,NULL,12,5,26),(219,NULL,13,5,26),(219,NULL,1,1,27),(219,NULL,2,1,27),(219,NULL,3,1,27),(219,NULL,4,1,27),(219,NULL,5,1,27),(219,NULL,6,1,27),(219,NULL,7,1,27),(219,NULL,8,1,27),(219,NULL,9,1,27),(219,NULL,10,1,27),(219,NULL,11,1,27),(219,NULL,12,1,27),(219,NULL,13,1,27),(219,NULL,1,2,27),(219,NULL,2,2,27),(219,NULL,3,2,27),(219,NULL,4,2,27),(219,NULL,5,2,27),(219,NULL,6,2,27),(219,NULL,7,2,27),(219,NULL,8,2,27),(219,NULL,9,2,27),(219,NULL,10,2,27),(219,NULL,11,2,27),(219,NULL,12,2,27),(219,NULL,13,2,27),(219,NULL,1,3,27),(219,NULL,2,3,27),(219,NULL,3,3,27),(219,NULL,4,3,27),(219,NULL,5,3,27),(219,NULL,6,3,27),(219,NULL,7,3,27),(219,NULL,8,3,27),(219,NULL,9,3,27),(219,NULL,10,3,27),(219,NULL,11,3,27),(219,NULL,12,3,27),(219,NULL,13,3,27),(219,NULL,1,4,27),(219,NULL,2,4,27),(219,NULL,3,4,27),(219,NULL,4,4,27),(219,NULL,5,4,27),(219,NULL,6,4,27),(219,NULL,7,4,27),(219,NULL,8,4,27),(219,NULL,9,4,27),(219,NULL,10,4,27),(219,NULL,11,4,27),(219,NULL,12,4,27),(219,NULL,13,4,27),(219,NULL,1,5,27),(219,NULL,2,5,27),(219,NULL,3,5,27),(219,NULL,4,5,27),(219,NULL,5,5,27),(219,NULL,6,5,27),(219,NULL,7,5,27),(219,NULL,8,5,27),(219,NULL,9,5,27),(219,NULL,10,5,27),(219,NULL,11,5,27),(219,NULL,12,5,27),(219,NULL,13,5,27),(220,NULL,1,1,1),(220,NULL,2,1,1),(220,NULL,3,1,1),(220,NULL,4,1,1),(220,NULL,5,1,1),(220,NULL,6,1,1),(220,NULL,7,1,1),(220,NULL,8,1,1),(220,NULL,9,1,1),(220,NULL,10,1,1),(220,NULL,11,1,1),(220,NULL,12,1,1),(220,NULL,13,1,1),(220,NULL,1,2,1),(220,NULL,2,2,1),(220,NULL,3,2,1),(220,NULL,4,2,1),(220,NULL,5,2,1),(220,NULL,6,2,1),(220,NULL,7,2,1),(220,NULL,8,2,1),(220,NULL,9,2,1),(220,NULL,10,2,1),(220,NULL,11,2,1),(220,NULL,12,2,1),(220,NULL,13,2,1),(220,NULL,1,3,1),(220,NULL,2,3,1),(220,NULL,3,3,1),(220,NULL,4,3,1),(220,NULL,5,3,1),(220,NULL,6,3,1),(220,NULL,7,3,1),(220,NULL,8,3,1),(220,NULL,9,3,1),(220,NULL,10,3,1),(220,NULL,11,3,1),(220,NULL,12,3,1),(220,NULL,13,3,1),(220,NULL,1,4,1),(220,NULL,2,4,1),(220,NULL,3,4,1),(220,NULL,4,4,1),(220,NULL,5,4,1),(220,NULL,6,4,1),(220,NULL,7,4,1),(220,NULL,8,4,1),(220,NULL,9,4,1),(220,NULL,10,4,1),(220,NULL,11,4,1),(220,NULL,12,4,1),(220,NULL,13,4,1),(220,NULL,1,5,1),(220,NULL,2,5,1),(220,NULL,3,5,1),(220,NULL,4,5,1),(220,NULL,5,5,1),(220,NULL,6,5,1),(220,NULL,7,5,1),(220,NULL,8,5,1),(220,NULL,9,5,1),(220,NULL,10,5,1),(220,NULL,11,5,1),(220,NULL,12,5,1),(220,NULL,13,5,1),(220,NULL,1,1,2),(220,NULL,2,1,2),(220,NULL,3,1,2),(220,NULL,4,1,2),(220,NULL,5,1,2),(220,NULL,6,1,2),(220,NULL,7,1,2),(220,NULL,8,1,2),(220,NULL,9,1,2),(220,NULL,10,1,2),(220,NULL,11,1,2),(220,NULL,12,1,2),(220,NULL,13,1,2),(220,NULL,1,2,2),(220,NULL,2,2,2),(220,NULL,3,2,2),(220,NULL,4,2,2),(220,NULL,5,2,2),(220,NULL,6,2,2),(220,NULL,7,2,2),(220,NULL,8,2,2),(220,NULL,9,2,2),(220,NULL,10,2,2),(220,NULL,11,2,2),(220,NULL,12,2,2),(220,NULL,13,2,2),(220,NULL,1,3,2),(220,NULL,2,3,2),(220,NULL,3,3,2),(220,NULL,4,3,2),(220,NULL,5,3,2),(220,NULL,6,3,2),(220,NULL,7,3,2),(220,NULL,8,3,2),(220,NULL,9,3,2),(220,NULL,10,3,2),(220,NULL,11,3,2),(220,NULL,12,3,2),(220,NULL,13,3,2),(220,NULL,1,4,2),(220,NULL,2,4,2),(220,NULL,3,4,2),(220,NULL,4,4,2),(220,NULL,5,4,2),(220,NULL,6,4,2),(220,NULL,7,4,2),(220,NULL,8,4,2),(220,NULL,9,4,2),(220,NULL,10,4,2),(220,NULL,11,4,2),(220,NULL,12,4,2),(220,NULL,13,4,2),(220,NULL,1,5,2),(220,NULL,2,5,2),(220,NULL,3,5,2),(220,NULL,4,5,2),(220,NULL,5,5,2),(220,NULL,6,5,2),(220,NULL,7,5,2),(220,NULL,8,5,2),(220,NULL,9,5,2),(220,NULL,10,5,2),(220,NULL,11,5,2),(220,NULL,12,5,2),(220,NULL,13,5,2),(220,NULL,1,1,3),(220,NULL,2,1,3),(220,NULL,3,1,3),(220,NULL,4,1,3),(220,NULL,5,1,3),(220,NULL,6,1,3),(220,NULL,7,1,3),(220,NULL,8,1,3),(220,NULL,9,1,3),(220,NULL,10,1,3),(220,NULL,11,1,3),(220,NULL,12,1,3),(220,NULL,13,1,3),(220,NULL,1,2,3),(220,NULL,2,2,3),(220,NULL,3,2,3),(220,NULL,4,2,3),(220,NULL,5,2,3),(220,NULL,6,2,3),(220,NULL,7,2,3),(220,NULL,8,2,3),(220,NULL,9,2,3),(220,NULL,10,2,3),(220,NULL,11,2,3),(220,NULL,12,2,3),(220,NULL,13,2,3),(220,NULL,1,3,3),(220,NULL,2,3,3),(220,NULL,3,3,3),(220,NULL,4,3,3),(220,NULL,5,3,3),(220,NULL,6,3,3),(220,NULL,7,3,3),(220,NULL,8,3,3),(220,NULL,9,3,3),(220,NULL,10,3,3),(220,NULL,11,3,3),(220,NULL,12,3,3),(220,NULL,13,3,3),(220,NULL,1,4,3),(220,NULL,2,4,3),(220,NULL,3,4,3),(220,NULL,4,4,3),(220,NULL,5,4,3),(220,NULL,6,4,3),(220,NULL,7,4,3),(220,NULL,8,4,3),(220,NULL,9,4,3),(220,NULL,10,4,3),(220,NULL,11,4,3),(220,NULL,12,4,3),(220,NULL,13,4,3),(220,NULL,1,5,3),(220,NULL,2,5,3),(220,NULL,3,5,3),(220,NULL,4,5,3),(220,NULL,5,5,3),(220,NULL,6,5,3),(220,NULL,7,5,3),(220,NULL,8,5,3),(220,NULL,9,5,3),(220,NULL,10,5,3),(220,NULL,11,5,3),(220,NULL,12,5,3),(220,NULL,13,5,3),(220,NULL,1,1,4),(220,NULL,2,1,4),(220,NULL,3,1,4),(220,NULL,4,1,4),(220,NULL,5,1,4),(220,NULL,6,1,4),(220,NULL,7,1,4),(220,NULL,8,1,4),(220,NULL,9,1,4),(220,NULL,10,1,4),(220,NULL,11,1,4),(220,NULL,12,1,4),(220,NULL,13,1,4),(220,NULL,1,2,4),(220,NULL,2,2,4),(220,NULL,3,2,4),(220,NULL,4,2,4),(220,NULL,5,2,4),(220,NULL,6,2,4),(220,NULL,7,2,4),(220,NULL,8,2,4),(220,NULL,9,2,4),(220,NULL,10,2,4),(220,NULL,11,2,4),(220,NULL,12,2,4),(220,NULL,13,2,4),(220,NULL,1,3,4),(220,NULL,2,3,4),(220,NULL,3,3,4),(220,NULL,4,3,4),(220,NULL,5,3,4),(220,NULL,6,3,4),(220,NULL,7,3,4),(220,NULL,8,3,4),(220,NULL,9,3,4),(220,NULL,10,3,4),(220,NULL,11,3,4),(220,NULL,12,3,4),(220,NULL,13,3,4),(220,NULL,1,4,4),(220,NULL,2,4,4),(220,NULL,3,4,4),(220,NULL,4,4,4),(220,NULL,5,4,4),(220,NULL,6,4,4),(220,NULL,7,4,4),(220,NULL,8,4,4),(220,NULL,9,4,4),(220,NULL,10,4,4),(220,NULL,11,4,4),(220,NULL,12,4,4),(220,NULL,13,4,4),(220,NULL,1,5,4),(220,NULL,2,5,4),(220,NULL,3,5,4),(220,NULL,4,5,4),(220,NULL,5,5,4),(220,NULL,6,5,4),(220,NULL,7,5,4),(220,NULL,8,5,4),(220,NULL,9,5,4),(220,NULL,10,5,4),(220,NULL,11,5,4),(220,NULL,12,5,4),(220,NULL,13,5,4),(220,NULL,1,1,5),(220,NULL,2,1,5),(220,NULL,3,1,5),(220,NULL,4,1,5),(220,NULL,5,1,5),(220,NULL,6,1,5),(220,NULL,7,1,5),(220,NULL,8,1,5),(220,NULL,9,1,5),(220,NULL,10,1,5),(220,NULL,11,1,5),(220,NULL,12,1,5),(220,NULL,13,1,5),(220,NULL,1,2,5),(220,NULL,2,2,5),(220,NULL,3,2,5),(220,NULL,4,2,5),(220,NULL,5,2,5),(220,NULL,6,2,5),(220,NULL,7,2,5),(220,NULL,8,2,5),(220,NULL,9,2,5),(220,NULL,10,2,5),(220,NULL,11,2,5),(220,NULL,12,2,5),(220,NULL,13,2,5),(220,NULL,1,3,5),(220,NULL,2,3,5),(220,NULL,3,3,5),(220,NULL,4,3,5),(220,NULL,5,3,5),(220,NULL,6,3,5),(220,NULL,7,3,5),(220,NULL,8,3,5),(220,NULL,9,3,5),(220,NULL,10,3,5),(220,NULL,11,3,5),(220,NULL,12,3,5),(220,NULL,13,3,5),(220,NULL,1,4,5),(220,NULL,2,4,5),(220,NULL,3,4,5),(220,NULL,4,4,5),(220,NULL,5,4,5),(220,NULL,6,4,5),(220,NULL,7,4,5),(220,NULL,8,4,5),(220,NULL,9,4,5),(220,NULL,10,4,5),(220,NULL,11,4,5),(220,NULL,12,4,5),(220,NULL,13,4,5),(220,NULL,1,5,5),(220,NULL,2,5,5),(220,NULL,3,5,5),(220,NULL,4,5,5),(220,NULL,5,5,5),(220,NULL,6,5,5),(220,NULL,7,5,5),(220,NULL,8,5,5),(220,NULL,9,5,5),(220,NULL,10,5,5),(220,NULL,11,5,5),(220,NULL,12,5,5),(220,NULL,13,5,5),(220,NULL,1,1,6),(220,NULL,2,1,6),(220,NULL,3,1,6),(220,NULL,4,1,6),(220,NULL,5,1,6),(220,NULL,6,1,6),(220,NULL,7,1,6),(220,NULL,8,1,6),(220,NULL,9,1,6),(220,NULL,10,1,6),(220,NULL,11,1,6),(220,NULL,12,1,6),(220,NULL,13,1,6),(220,NULL,1,2,6),(220,NULL,2,2,6),(220,NULL,3,2,6),(220,NULL,4,2,6),(220,NULL,5,2,6),(220,NULL,6,2,6),(220,NULL,7,2,6),(220,NULL,8,2,6),(220,NULL,9,2,6),(220,NULL,10,2,6),(220,NULL,11,2,6),(220,NULL,12,2,6),(220,NULL,13,2,6),(220,NULL,1,3,6),(220,NULL,2,3,6),(220,NULL,3,3,6),(220,NULL,4,3,6),(220,NULL,5,3,6),(220,NULL,6,3,6),(220,NULL,7,3,6),(220,NULL,8,3,6),(220,NULL,9,3,6),(220,NULL,10,3,6),(220,NULL,11,3,6),(220,NULL,12,3,6),(220,NULL,13,3,6),(220,NULL,1,4,6),(220,NULL,2,4,6),(220,NULL,3,4,6),(220,NULL,4,4,6),(220,NULL,5,4,6),(220,NULL,6,4,6),(220,NULL,7,4,6),(220,NULL,8,4,6),(220,NULL,9,4,6),(220,NULL,10,4,6),(220,NULL,11,4,6),(220,NULL,12,4,6),(220,NULL,13,4,6),(220,NULL,1,5,6),(220,NULL,2,5,6),(220,NULL,3,5,6),(220,NULL,4,5,6),(220,NULL,5,5,6),(220,NULL,6,5,6),(220,NULL,7,5,6),(220,NULL,8,5,6),(220,NULL,9,5,6),(220,NULL,10,5,6),(220,NULL,11,5,6),(220,NULL,12,5,6),(220,NULL,13,5,6),(220,NULL,1,1,7),(220,NULL,2,1,7),(220,NULL,3,1,7),(220,NULL,4,1,7),(220,NULL,5,1,7),(220,NULL,6,1,7),(220,NULL,7,1,7),(220,NULL,8,1,7),(220,NULL,9,1,7),(220,NULL,10,1,7),(220,NULL,11,1,7),(220,NULL,12,1,7),(220,NULL,13,1,7),(220,NULL,1,2,7),(220,NULL,2,2,7),(220,NULL,3,2,7),(220,NULL,4,2,7),(220,NULL,5,2,7),(220,NULL,6,2,7),(220,NULL,7,2,7),(220,NULL,8,2,7),(220,NULL,9,2,7),(220,NULL,10,2,7),(220,NULL,11,2,7),(220,NULL,12,2,7),(220,NULL,13,2,7),(220,NULL,1,3,7),(220,NULL,2,3,7),(220,NULL,3,3,7),(220,NULL,4,3,7),(220,NULL,5,3,7),(220,NULL,6,3,7),(220,NULL,7,3,7),(220,NULL,8,3,7),(220,NULL,9,3,7),(220,NULL,10,3,7),(220,NULL,11,3,7),(220,NULL,12,3,7),(220,NULL,13,3,7),(220,NULL,1,4,7),(220,NULL,2,4,7),(220,NULL,3,4,7),(220,NULL,4,4,7),(220,NULL,5,4,7),(220,NULL,6,4,7),(220,NULL,7,4,7),(220,NULL,8,4,7),(220,NULL,9,4,7),(220,NULL,10,4,7),(220,NULL,11,4,7),(220,NULL,12,4,7),(220,NULL,13,4,7),(220,NULL,1,5,7),(220,NULL,2,5,7),(220,NULL,3,5,7),(220,NULL,4,5,7),(220,NULL,5,5,7),(220,NULL,6,5,7),(220,NULL,7,5,7),(220,NULL,8,5,7),(220,NULL,9,5,7),(220,NULL,10,5,7),(220,NULL,11,5,7),(220,NULL,12,5,7),(220,NULL,13,5,7),(220,NULL,1,1,8),(220,NULL,2,1,8),(220,NULL,3,1,8),(220,NULL,4,1,8),(220,NULL,5,1,8),(220,NULL,6,1,8),(220,NULL,7,1,8),(220,NULL,8,1,8),(220,NULL,9,1,8),(220,NULL,10,1,8),(220,NULL,11,1,8),(220,NULL,12,1,8),(220,NULL,13,1,8),(220,NULL,1,2,8),(220,NULL,2,2,8),(220,NULL,3,2,8),(220,NULL,4,2,8),(220,NULL,5,2,8),(220,NULL,6,2,8),(220,NULL,7,2,8),(220,NULL,8,2,8),(220,NULL,9,2,8),(220,NULL,10,2,8),(220,NULL,11,2,8),(220,NULL,12,2,8),(220,NULL,13,2,8),(220,NULL,1,3,8),(220,NULL,2,3,8),(220,NULL,3,3,8),(220,NULL,4,3,8),(220,NULL,5,3,8),(220,NULL,6,3,8),(220,NULL,7,3,8),(220,NULL,8,3,8),(220,NULL,9,3,8),(220,NULL,10,3,8),(220,NULL,11,3,8),(220,NULL,12,3,8),(220,NULL,13,3,8),(220,NULL,1,4,8),(220,NULL,2,4,8),(220,NULL,3,4,8),(220,NULL,4,4,8),(220,NULL,5,4,8),(220,NULL,6,4,8),(220,NULL,7,4,8),(220,NULL,8,4,8),(220,NULL,9,4,8),(220,NULL,10,4,8),(220,NULL,11,4,8),(220,NULL,12,4,8),(220,NULL,13,4,8),(220,NULL,1,5,8),(220,NULL,2,5,8),(220,NULL,3,5,8),(220,NULL,4,5,8),(220,NULL,5,5,8),(220,NULL,6,5,8),(220,NULL,7,5,8),(220,NULL,8,5,8),(220,NULL,9,5,8),(220,NULL,10,5,8),(220,NULL,11,5,8),(220,NULL,12,5,8),(220,NULL,13,5,8),(220,NULL,1,1,9),(220,NULL,2,1,9),(220,NULL,3,1,9),(220,NULL,4,1,9),(220,NULL,5,1,9),(220,NULL,6,1,9),(220,NULL,7,1,9),(220,NULL,8,1,9),(220,NULL,9,1,9),(220,NULL,10,1,9),(220,NULL,11,1,9),(220,NULL,12,1,9),(220,NULL,13,1,9),(220,NULL,1,2,9),(220,NULL,2,2,9),(220,NULL,3,2,9),(220,NULL,4,2,9),(220,NULL,5,2,9),(220,NULL,6,2,9),(220,NULL,7,2,9),(220,NULL,8,2,9),(220,NULL,9,2,9),(220,NULL,10,2,9),(220,NULL,11,2,9),(220,NULL,12,2,9),(220,NULL,13,2,9),(220,NULL,1,3,9),(220,NULL,2,3,9),(220,NULL,3,3,9),(220,NULL,4,3,9),(220,NULL,5,3,9),(220,NULL,6,3,9),(220,NULL,7,3,9),(220,NULL,8,3,9),(220,NULL,9,3,9),(220,NULL,10,3,9),(220,NULL,11,3,9),(220,NULL,12,3,9),(220,NULL,13,3,9),(220,NULL,1,4,9),(220,NULL,2,4,9),(220,NULL,3,4,9),(220,NULL,4,4,9),(220,NULL,5,4,9),(220,NULL,6,4,9),(220,NULL,7,4,9),(220,NULL,8,4,9),(220,NULL,9,4,9),(220,NULL,10,4,9),(220,NULL,11,4,9),(220,NULL,12,4,9),(220,NULL,13,4,9),(220,NULL,1,5,9),(220,NULL,2,5,9),(220,NULL,3,5,9),(220,NULL,4,5,9),(220,NULL,5,5,9),(220,NULL,6,5,9),(220,NULL,7,5,9),(220,NULL,8,5,9),(220,NULL,9,5,9),(220,NULL,10,5,9),(220,NULL,11,5,9),(220,NULL,12,5,9),(220,NULL,13,5,9),(220,NULL,1,1,10),(220,NULL,2,1,10),(220,NULL,3,1,10),(220,NULL,4,1,10),(220,NULL,5,1,10),(220,NULL,6,1,10),(220,NULL,7,1,10),(220,NULL,8,1,10),(220,NULL,9,1,10),(220,NULL,10,1,10),(220,NULL,11,1,10),(220,NULL,12,1,10),(220,NULL,13,1,10),(220,NULL,1,2,10),(220,NULL,2,2,10),(220,NULL,3,2,10),(220,NULL,4,2,10),(220,NULL,5,2,10),(220,NULL,6,2,10),(220,NULL,7,2,10),(220,NULL,8,2,10),(220,NULL,9,2,10),(220,NULL,10,2,10),(220,NULL,11,2,10),(220,NULL,12,2,10),(220,NULL,13,2,10),(220,NULL,1,3,10),(220,NULL,2,3,10),(220,NULL,3,3,10),(220,NULL,4,3,10),(220,NULL,5,3,10),(220,NULL,6,3,10),(220,NULL,7,3,10),(220,NULL,8,3,10),(220,NULL,9,3,10),(220,NULL,10,3,10),(220,NULL,11,3,10),(220,NULL,12,3,10),(220,NULL,13,3,10),(220,NULL,1,4,10),(220,NULL,2,4,10),(220,NULL,3,4,10),(220,NULL,4,4,10),(220,NULL,5,4,10),(220,NULL,6,4,10),(220,NULL,7,4,10),(220,NULL,8,4,10),(220,NULL,9,4,10),(220,NULL,10,4,10),(220,NULL,11,4,10),(220,NULL,12,4,10),(220,NULL,13,4,10),(220,NULL,1,5,10),(220,NULL,2,5,10),(220,NULL,3,5,10),(220,NULL,4,5,10),(220,NULL,5,5,10),(220,NULL,6,5,10),(220,NULL,7,5,10),(220,NULL,8,5,10),(220,NULL,9,5,10),(220,NULL,10,5,10),(220,NULL,11,5,10),(220,NULL,12,5,10),(220,NULL,13,5,10),(220,NULL,1,1,11),(220,NULL,2,1,11),(220,NULL,3,1,11),(220,NULL,4,1,11),(220,NULL,5,1,11),(220,NULL,6,1,11),(220,NULL,7,1,11),(220,NULL,8,1,11),(220,NULL,9,1,11),(220,NULL,10,1,11),(220,NULL,11,1,11),(220,NULL,12,1,11),(220,NULL,13,1,11),(220,NULL,1,2,11),(220,NULL,2,2,11),(220,NULL,3,2,11),(220,NULL,4,2,11),(220,NULL,5,2,11),(220,NULL,6,2,11),(220,NULL,7,2,11),(220,NULL,8,2,11),(220,NULL,9,2,11),(220,NULL,10,2,11),(220,NULL,11,2,11),(220,NULL,12,2,11),(220,NULL,13,2,11),(220,NULL,1,3,11),(220,NULL,2,3,11),(220,NULL,3,3,11),(220,NULL,4,3,11),(220,NULL,5,3,11),(220,NULL,6,3,11),(220,NULL,7,3,11),(220,NULL,8,3,11),(220,NULL,9,3,11),(220,NULL,10,3,11),(220,NULL,11,3,11),(220,NULL,12,3,11),(220,NULL,13,3,11),(220,NULL,1,4,11),(220,NULL,2,4,11),(220,NULL,3,4,11),(220,NULL,4,4,11),(220,NULL,5,4,11),(220,NULL,6,4,11),(220,NULL,7,4,11),(220,NULL,8,4,11),(220,NULL,9,4,11),(220,NULL,10,4,11),(220,NULL,11,4,11),(220,NULL,12,4,11),(220,NULL,13,4,11),(220,NULL,1,5,11),(220,NULL,2,5,11),(220,NULL,3,5,11),(220,NULL,4,5,11),(220,NULL,5,5,11),(220,NULL,6,5,11),(220,NULL,7,5,11),(220,NULL,8,5,11),(220,NULL,9,5,11),(220,NULL,10,5,11),(220,NULL,11,5,11),(220,NULL,12,5,11),(220,NULL,13,5,11),(220,NULL,1,1,12),(220,NULL,2,1,12),(220,NULL,3,1,12),(220,NULL,4,1,12),(220,NULL,5,1,12),(220,NULL,6,1,12),(220,NULL,7,1,12),(220,NULL,8,1,12),(220,NULL,9,1,12),(220,NULL,10,1,12),(220,NULL,11,1,12),(220,NULL,12,1,12),(220,NULL,13,1,12),(220,NULL,1,2,12),(220,NULL,2,2,12),(220,NULL,3,2,12),(220,NULL,4,2,12),(220,NULL,5,2,12),(220,NULL,6,2,12),(220,NULL,7,2,12),(220,NULL,8,2,12),(220,NULL,9,2,12),(220,NULL,10,2,12),(220,NULL,11,2,12),(220,NULL,12,2,12),(220,NULL,13,2,12),(220,NULL,1,3,12),(220,NULL,2,3,12),(220,NULL,3,3,12),(220,NULL,4,3,12),(220,NULL,5,3,12),(220,NULL,6,3,12),(220,NULL,7,3,12),(220,NULL,8,3,12),(220,NULL,9,3,12),(220,NULL,10,3,12),(220,NULL,11,3,12),(220,NULL,12,3,12),(220,NULL,13,3,12),(220,NULL,1,4,12),(220,NULL,2,4,12),(220,NULL,3,4,12),(220,NULL,4,4,12),(220,NULL,5,4,12),(220,NULL,6,4,12),(220,NULL,7,4,12),(220,NULL,8,4,12),(220,NULL,9,4,12),(220,NULL,10,4,12),(220,NULL,11,4,12),(220,NULL,12,4,12),(220,NULL,13,4,12),(220,NULL,1,5,12),(220,NULL,2,5,12),(220,NULL,3,5,12),(220,NULL,4,5,12),(220,NULL,5,5,12),(220,NULL,6,5,12),(220,NULL,7,5,12),(220,NULL,8,5,12),(220,NULL,9,5,12),(220,NULL,10,5,12),(220,NULL,11,5,12),(220,NULL,12,5,12),(220,NULL,13,5,12),(220,NULL,1,1,13),(220,NULL,2,1,13),(220,NULL,3,1,13),(220,NULL,4,1,13),(220,NULL,5,1,13),(220,NULL,6,1,13),(220,NULL,7,1,13),(220,NULL,8,1,13),(220,NULL,9,1,13),(220,NULL,10,1,13),(220,NULL,11,1,13),(220,NULL,12,1,13),(220,NULL,13,1,13),(220,NULL,1,2,13),(220,NULL,2,2,13),(220,NULL,3,2,13),(220,NULL,4,2,13),(220,NULL,5,2,13),(220,NULL,6,2,13),(220,NULL,7,2,13),(220,NULL,8,2,13),(220,NULL,9,2,13),(220,NULL,10,2,13),(220,NULL,11,2,13),(220,NULL,12,2,13),(220,NULL,13,2,13),(220,NULL,1,3,13),(220,NULL,2,3,13),(220,NULL,3,3,13),(220,NULL,4,3,13),(220,NULL,5,3,13),(220,NULL,6,3,13),(220,NULL,7,3,13),(220,NULL,8,3,13),(220,NULL,9,3,13),(220,NULL,10,3,13),(220,NULL,11,3,13),(220,NULL,12,3,13),(220,NULL,13,3,13),(220,NULL,1,4,13),(220,NULL,2,4,13),(220,NULL,3,4,13),(220,NULL,4,4,13),(220,NULL,5,4,13),(220,NULL,6,4,13),(220,NULL,7,4,13),(220,NULL,8,4,13),(220,NULL,9,4,13),(220,NULL,10,4,13),(220,NULL,11,4,13),(220,NULL,12,4,13),(220,NULL,13,4,13),(220,NULL,1,5,13),(220,NULL,2,5,13),(220,NULL,3,5,13),(220,NULL,4,5,13),(220,NULL,5,5,13),(220,NULL,6,5,13),(220,NULL,7,5,13),(220,NULL,8,5,13),(220,NULL,9,5,13),(220,NULL,10,5,13),(220,NULL,11,5,13),(220,NULL,12,5,13),(220,NULL,13,5,13),(220,NULL,1,1,14),(220,NULL,2,1,14),(220,NULL,3,1,14),(220,NULL,4,1,14),(220,NULL,5,1,14),(220,NULL,6,1,14),(220,NULL,7,1,14),(220,NULL,8,1,14),(220,NULL,9,1,14),(220,NULL,10,1,14),(220,NULL,11,1,14),(220,NULL,12,1,14),(220,NULL,13,1,14),(220,NULL,1,2,14),(220,NULL,2,2,14),(220,NULL,3,2,14),(220,NULL,4,2,14),(220,NULL,5,2,14),(220,NULL,6,2,14),(220,NULL,7,2,14),(220,NULL,8,2,14),(220,NULL,9,2,14),(220,NULL,10,2,14),(220,NULL,11,2,14),(220,NULL,12,2,14),(220,NULL,13,2,14),(220,NULL,1,3,14),(220,NULL,2,3,14),(220,NULL,3,3,14),(220,NULL,4,3,14),(220,NULL,5,3,14),(220,NULL,6,3,14),(220,NULL,7,3,14),(220,NULL,8,3,14),(220,NULL,9,3,14),(220,NULL,10,3,14),(220,NULL,11,3,14),(220,NULL,12,3,14),(220,NULL,13,3,14),(220,NULL,1,4,14),(220,NULL,2,4,14),(220,NULL,3,4,14),(220,NULL,4,4,14),(220,NULL,5,4,14),(220,NULL,6,4,14),(220,NULL,7,4,14),(220,NULL,8,4,14),(220,NULL,9,4,14),(220,NULL,10,4,14),(220,NULL,11,4,14),(220,NULL,12,4,14),(220,NULL,13,4,14),(220,NULL,1,5,14),(220,NULL,2,5,14),(220,NULL,3,5,14),(220,NULL,4,5,14),(220,NULL,5,5,14),(220,NULL,6,5,14),(220,NULL,7,5,14),(220,NULL,8,5,14),(220,NULL,9,5,14),(220,NULL,10,5,14),(220,NULL,11,5,14),(220,NULL,12,5,14),(220,NULL,13,5,14),(220,NULL,1,1,15),(220,NULL,2,1,15),(220,NULL,3,1,15),(220,NULL,4,1,15),(220,NULL,5,1,15),(220,NULL,6,1,15),(220,NULL,7,1,15),(220,NULL,8,1,15),(220,NULL,9,1,15),(220,NULL,10,1,15),(220,NULL,11,1,15),(220,NULL,12,1,15),(220,NULL,13,1,15),(220,NULL,1,2,15),(220,NULL,2,2,15),(220,NULL,3,2,15),(220,NULL,4,2,15),(220,NULL,5,2,15),(220,NULL,6,2,15),(220,NULL,7,2,15),(220,NULL,8,2,15),(220,NULL,9,2,15),(220,NULL,10,2,15),(220,NULL,11,2,15),(220,NULL,12,2,15),(220,NULL,13,2,15),(220,NULL,1,3,15),(220,NULL,2,3,15),(220,NULL,3,3,15),(220,NULL,4,3,15),(220,NULL,5,3,15),(220,NULL,6,3,15),(220,NULL,7,3,15),(220,NULL,8,3,15),(220,NULL,9,3,15),(220,NULL,10,3,15),(220,NULL,11,3,15),(220,NULL,12,3,15),(220,NULL,13,3,15),(220,NULL,1,4,15),(220,NULL,2,4,15),(220,NULL,3,4,15),(220,NULL,4,4,15),(220,NULL,5,4,15),(220,NULL,6,4,15),(220,NULL,7,4,15),(220,NULL,8,4,15),(220,NULL,9,4,15),(220,NULL,10,4,15),(220,NULL,11,4,15),(220,NULL,12,4,15),(220,NULL,13,4,15),(220,NULL,1,5,15),(220,NULL,2,5,15),(220,NULL,3,5,15),(220,NULL,4,5,15),(220,NULL,5,5,15),(220,NULL,6,5,15),(220,NULL,7,5,15),(220,NULL,8,5,15),(220,NULL,9,5,15),(220,NULL,10,5,15),(220,NULL,11,5,15),(220,NULL,12,5,15),(220,NULL,13,5,15),(220,NULL,1,1,16),(220,NULL,2,1,16),(220,NULL,3,1,16),(220,NULL,4,1,16),(220,NULL,5,1,16),(220,NULL,6,1,16),(220,NULL,7,1,16),(220,NULL,8,1,16),(220,NULL,9,1,16),(220,NULL,10,1,16),(220,NULL,11,1,16),(220,NULL,12,1,16),(220,NULL,13,1,16),(220,NULL,1,2,16),(220,NULL,2,2,16),(220,NULL,3,2,16),(220,NULL,4,2,16),(220,NULL,5,2,16),(220,NULL,6,2,16),(220,NULL,7,2,16),(220,NULL,8,2,16),(220,NULL,9,2,16),(220,NULL,10,2,16),(220,NULL,11,2,16),(220,NULL,12,2,16),(220,NULL,13,2,16),(220,NULL,1,3,16),(220,NULL,2,3,16),(220,NULL,3,3,16),(220,NULL,4,3,16),(220,NULL,5,3,16),(220,NULL,6,3,16),(220,NULL,7,3,16),(220,NULL,8,3,16),(220,NULL,9,3,16),(220,NULL,10,3,16),(220,NULL,11,3,16),(220,NULL,12,3,16),(220,NULL,13,3,16),(220,NULL,1,4,16),(220,NULL,2,4,16),(220,NULL,3,4,16),(220,NULL,4,4,16),(220,NULL,5,4,16),(220,NULL,6,4,16),(220,NULL,7,4,16),(220,NULL,8,4,16),(220,NULL,9,4,16),(220,NULL,10,4,16),(220,NULL,11,4,16),(220,NULL,12,4,16),(220,NULL,13,4,16),(220,NULL,1,5,16),(220,NULL,2,5,16),(220,NULL,3,5,16),(220,NULL,4,5,16),(220,NULL,5,5,16),(220,NULL,6,5,16),(220,NULL,7,5,16),(220,NULL,8,5,16),(220,NULL,9,5,16),(220,NULL,10,5,16),(220,NULL,11,5,16),(220,NULL,12,5,16),(220,NULL,13,5,16),(220,NULL,1,1,17),(220,NULL,2,1,17),(220,NULL,3,1,17),(220,NULL,4,1,17),(220,NULL,5,1,17),(220,NULL,6,1,17),(220,NULL,7,1,17),(220,NULL,8,1,17),(220,NULL,9,1,17),(220,NULL,10,1,17),(220,NULL,11,1,17),(220,NULL,12,1,17),(220,NULL,13,1,17),(220,NULL,1,2,17),(220,NULL,2,2,17),(220,NULL,3,2,17),(220,NULL,4,2,17),(220,NULL,5,2,17),(220,NULL,6,2,17),(220,NULL,7,2,17),(220,NULL,8,2,17),(220,NULL,9,2,17),(220,NULL,10,2,17),(220,NULL,11,2,17),(220,NULL,12,2,17),(220,NULL,13,2,17),(220,NULL,1,3,17),(220,NULL,2,3,17),(220,NULL,3,3,17),(220,NULL,4,3,17),(220,NULL,5,3,17),(220,NULL,6,3,17),(220,NULL,7,3,17),(220,NULL,8,3,17),(220,NULL,9,3,17),(220,NULL,10,3,17),(220,NULL,11,3,17),(220,NULL,12,3,17),(220,NULL,13,3,17),(220,NULL,1,4,17),(220,NULL,2,4,17),(220,NULL,3,4,17),(220,NULL,4,4,17),(220,NULL,5,4,17),(220,NULL,6,4,17),(220,NULL,7,4,17),(220,NULL,8,4,17),(220,NULL,9,4,17),(220,NULL,10,4,17),(220,NULL,11,4,17),(220,NULL,12,4,17),(220,NULL,13,4,17),(220,NULL,1,5,17),(220,NULL,2,5,17),(220,NULL,3,5,17),(220,NULL,4,5,17),(220,NULL,5,5,17),(220,NULL,6,5,17),(220,NULL,7,5,17),(220,NULL,8,5,17),(220,NULL,9,5,17),(220,NULL,10,5,17),(220,NULL,11,5,17),(220,NULL,12,5,17),(220,NULL,13,5,17),(220,NULL,1,1,18),(220,NULL,2,1,18),(220,NULL,3,1,18),(220,NULL,4,1,18),(220,NULL,5,1,18),(220,NULL,6,1,18),(220,NULL,7,1,18),(220,NULL,8,1,18),(220,NULL,9,1,18),(220,NULL,10,1,18),(220,NULL,11,1,18),(220,NULL,12,1,18),(220,NULL,13,1,18),(220,NULL,1,2,18),(220,NULL,2,2,18),(220,NULL,3,2,18),(220,NULL,4,2,18),(220,NULL,5,2,18),(220,NULL,6,2,18),(220,NULL,7,2,18),(220,NULL,8,2,18),(220,NULL,9,2,18),(220,NULL,10,2,18),(220,NULL,11,2,18),(220,NULL,12,2,18),(220,NULL,13,2,18),(220,NULL,1,3,18),(220,NULL,2,3,18),(220,NULL,3,3,18),(220,NULL,4,3,18),(220,NULL,5,3,18),(220,NULL,6,3,18),(220,NULL,7,3,18),(220,NULL,8,3,18),(220,NULL,9,3,18),(220,NULL,10,3,18),(220,NULL,11,3,18),(220,NULL,12,3,18),(220,NULL,13,3,18),(220,NULL,1,4,18),(220,NULL,2,4,18),(220,NULL,3,4,18),(220,NULL,4,4,18),(220,NULL,5,4,18),(220,NULL,6,4,18),(220,NULL,7,4,18),(220,NULL,8,4,18),(220,NULL,9,4,18),(220,NULL,10,4,18),(220,NULL,11,4,18),(220,NULL,12,4,18),(220,NULL,13,4,18),(220,NULL,1,5,18),(220,NULL,2,5,18),(220,NULL,3,5,18),(220,NULL,4,5,18),(220,NULL,5,5,18),(220,NULL,6,5,18),(220,NULL,7,5,18),(220,NULL,8,5,18),(220,NULL,9,5,18),(220,NULL,10,5,18),(220,NULL,11,5,18),(220,NULL,12,5,18),(220,NULL,13,5,18),(220,NULL,1,1,19),(220,NULL,2,1,19),(220,NULL,3,1,19),(220,NULL,4,1,19),(220,NULL,5,1,19),(220,NULL,6,1,19),(220,NULL,7,1,19),(220,NULL,8,1,19),(220,NULL,9,1,19),(220,NULL,10,1,19),(220,NULL,11,1,19),(220,NULL,12,1,19),(220,NULL,13,1,19),(220,NULL,1,2,19),(220,NULL,2,2,19),(220,NULL,3,2,19),(220,NULL,4,2,19),(220,NULL,5,2,19),(220,NULL,6,2,19),(220,NULL,7,2,19),(220,NULL,8,2,19),(220,NULL,9,2,19),(220,NULL,10,2,19),(220,NULL,11,2,19),(220,NULL,12,2,19),(220,NULL,13,2,19),(220,NULL,1,3,19),(220,NULL,2,3,19),(220,NULL,3,3,19),(220,NULL,4,3,19),(220,NULL,5,3,19),(220,NULL,6,3,19),(220,NULL,7,3,19),(220,NULL,8,3,19),(220,NULL,9,3,19),(220,NULL,10,3,19),(220,NULL,11,3,19),(220,NULL,12,3,19),(220,NULL,13,3,19),(220,NULL,1,4,19),(220,NULL,2,4,19),(220,NULL,3,4,19),(220,NULL,4,4,19),(220,NULL,5,4,19),(220,NULL,6,4,19),(220,NULL,7,4,19),(220,NULL,8,4,19),(220,NULL,9,4,19),(220,NULL,10,4,19),(220,NULL,11,4,19),(220,NULL,12,4,19),(220,NULL,13,4,19),(220,NULL,1,5,19),(220,NULL,2,5,19),(220,NULL,3,5,19),(220,NULL,4,5,19),(220,NULL,5,5,19),(220,NULL,6,5,19),(220,NULL,7,5,19),(220,NULL,8,5,19),(220,NULL,9,5,19),(220,NULL,10,5,19),(220,NULL,11,5,19),(220,NULL,12,5,19),(220,NULL,13,5,19),(220,NULL,1,1,20),(220,NULL,2,1,20),(220,NULL,3,1,20),(220,NULL,4,1,20),(220,NULL,5,1,20),(220,NULL,6,1,20),(220,NULL,7,1,20),(220,NULL,8,1,20),(220,NULL,9,1,20),(220,NULL,10,1,20),(220,NULL,11,1,20),(220,NULL,12,1,20),(220,NULL,13,1,20),(220,NULL,1,2,20),(220,NULL,2,2,20),(220,NULL,3,2,20),(220,NULL,4,2,20),(220,NULL,5,2,20),(220,NULL,6,2,20),(220,NULL,7,2,20),(220,NULL,8,2,20),(220,NULL,9,2,20),(220,NULL,10,2,20),(220,NULL,11,2,20),(220,NULL,12,2,20),(220,NULL,13,2,20),(220,NULL,1,3,20),(220,NULL,2,3,20),(220,NULL,3,3,20),(220,NULL,4,3,20),(220,NULL,5,3,20),(220,NULL,6,3,20),(220,NULL,7,3,20),(220,NULL,8,3,20),(220,NULL,9,3,20),(220,NULL,10,3,20),(220,NULL,11,3,20),(220,NULL,12,3,20),(220,NULL,13,3,20),(220,NULL,1,4,20),(220,NULL,2,4,20),(220,NULL,3,4,20),(220,NULL,4,4,20),(220,NULL,5,4,20),(220,NULL,6,4,20),(220,NULL,7,4,20),(220,NULL,8,4,20),(220,NULL,9,4,20),(220,NULL,10,4,20),(220,NULL,11,4,20),(220,NULL,12,4,20),(220,NULL,13,4,20),(220,NULL,1,5,20),(220,NULL,2,5,20),(220,NULL,3,5,20),(220,NULL,4,5,20),(220,NULL,5,5,20),(220,NULL,6,5,20),(220,NULL,7,5,20),(220,NULL,8,5,20),(220,NULL,9,5,20),(220,NULL,10,5,20),(220,NULL,11,5,20),(220,NULL,12,5,20),(220,NULL,13,5,20),(220,NULL,1,1,21),(220,NULL,2,1,21),(220,NULL,3,1,21),(220,NULL,4,1,21),(220,NULL,5,1,21),(220,NULL,6,1,21),(220,NULL,7,1,21),(220,NULL,8,1,21),(220,NULL,9,1,21),(220,NULL,10,1,21),(220,NULL,11,1,21),(220,NULL,12,1,21),(220,NULL,13,1,21),(220,NULL,1,2,21),(220,NULL,2,2,21),(220,NULL,3,2,21),(220,NULL,4,2,21),(220,NULL,5,2,21),(220,NULL,6,2,21),(220,NULL,7,2,21),(220,NULL,8,2,21),(220,NULL,9,2,21),(220,NULL,10,2,21),(220,NULL,11,2,21),(220,NULL,12,2,21),(220,NULL,13,2,21),(220,NULL,1,3,21),(220,NULL,2,3,21),(220,NULL,3,3,21),(220,NULL,4,3,21),(220,NULL,5,3,21),(220,NULL,6,3,21),(220,NULL,7,3,21),(220,NULL,8,3,21),(220,NULL,9,3,21),(220,NULL,10,3,21),(220,NULL,11,3,21),(220,NULL,12,3,21),(220,NULL,13,3,21),(220,NULL,1,4,21),(220,NULL,2,4,21),(220,NULL,3,4,21),(220,NULL,4,4,21),(220,NULL,5,4,21),(220,NULL,6,4,21),(220,NULL,7,4,21),(220,NULL,8,4,21),(220,NULL,9,4,21),(220,NULL,10,4,21),(220,NULL,11,4,21),(220,NULL,12,4,21),(220,NULL,13,4,21),(220,NULL,1,5,21),(220,NULL,2,5,21),(220,NULL,3,5,21),(220,NULL,4,5,21),(220,NULL,5,5,21),(220,NULL,6,5,21),(220,NULL,7,5,21),(220,NULL,8,5,21),(220,NULL,9,5,21),(220,NULL,10,5,21),(220,NULL,11,5,21),(220,NULL,12,5,21),(220,NULL,13,5,21),(220,NULL,1,1,22),(220,NULL,2,1,22),(220,NULL,3,1,22),(220,NULL,4,1,22),(220,NULL,5,1,22),(220,NULL,6,1,22),(220,NULL,7,1,22),(220,NULL,8,1,22),(220,NULL,9,1,22),(220,NULL,10,1,22),(220,NULL,11,1,22),(220,NULL,12,1,22),(220,NULL,13,1,22),(220,NULL,1,2,22),(220,NULL,2,2,22),(220,NULL,3,2,22),(220,NULL,4,2,22),(220,NULL,5,2,22),(220,NULL,6,2,22),(220,NULL,7,2,22),(220,NULL,8,2,22),(220,NULL,9,2,22),(220,NULL,10,2,22),(220,NULL,11,2,22),(220,NULL,12,2,22),(220,NULL,13,2,22),(220,NULL,1,3,22),(220,NULL,2,3,22),(220,NULL,3,3,22),(220,NULL,4,3,22),(220,NULL,5,3,22),(220,NULL,6,3,22),(220,NULL,7,3,22),(220,NULL,8,3,22),(220,NULL,9,3,22),(220,NULL,10,3,22),(220,NULL,11,3,22),(220,NULL,12,3,22),(220,NULL,13,3,22),(220,NULL,1,4,22),(220,NULL,2,4,22),(220,NULL,3,4,22),(220,NULL,4,4,22),(220,NULL,5,4,22),(220,NULL,6,4,22),(220,NULL,7,4,22),(220,NULL,8,4,22),(220,NULL,9,4,22),(220,NULL,10,4,22),(220,NULL,11,4,22),(220,NULL,12,4,22),(220,NULL,13,4,22),(220,NULL,1,5,22),(220,NULL,2,5,22),(220,NULL,3,5,22),(220,NULL,4,5,22),(220,NULL,5,5,22),(220,NULL,6,5,22),(220,NULL,7,5,22),(220,NULL,8,5,22),(220,NULL,9,5,22),(220,NULL,10,5,22),(220,NULL,11,5,22),(220,NULL,12,5,22),(220,NULL,13,5,22),(220,NULL,1,1,23),(220,NULL,2,1,23),(220,NULL,3,1,23),(220,NULL,4,1,23),(220,NULL,5,1,23),(220,NULL,6,1,23),(220,NULL,7,1,23),(220,NULL,8,1,23),(220,NULL,9,1,23),(220,NULL,10,1,23),(220,NULL,11,1,23),(220,NULL,12,1,23),(220,NULL,13,1,23),(220,NULL,1,2,23),(220,NULL,2,2,23),(220,NULL,3,2,23),(220,NULL,4,2,23),(220,NULL,5,2,23),(220,NULL,6,2,23),(220,NULL,7,2,23),(220,NULL,8,2,23),(220,NULL,9,2,23),(220,NULL,10,2,23),(220,NULL,11,2,23),(220,NULL,12,2,23),(220,NULL,13,2,23),(220,NULL,1,3,23),(220,NULL,2,3,23),(220,NULL,3,3,23),(220,NULL,4,3,23),(220,NULL,5,3,23),(220,NULL,6,3,23),(220,NULL,7,3,23),(220,NULL,8,3,23),(220,NULL,9,3,23),(220,NULL,10,3,23),(220,NULL,11,3,23),(220,NULL,12,3,23),(220,NULL,13,3,23),(220,NULL,1,4,23),(220,NULL,2,4,23),(220,NULL,3,4,23),(220,NULL,4,4,23),(220,NULL,5,4,23),(220,NULL,6,4,23),(220,NULL,7,4,23),(220,NULL,8,4,23),(220,NULL,9,4,23),(220,NULL,10,4,23),(220,NULL,11,4,23),(220,NULL,12,4,23),(220,NULL,13,4,23),(220,NULL,1,5,23),(220,NULL,2,5,23),(220,NULL,3,5,23),(220,NULL,4,5,23),(220,NULL,5,5,23),(220,NULL,6,5,23),(220,NULL,7,5,23),(220,NULL,8,5,23),(220,NULL,9,5,23),(220,NULL,10,5,23),(220,NULL,11,5,23),(220,NULL,12,5,23),(220,NULL,13,5,23),(220,NULL,1,1,24),(220,NULL,2,1,24),(220,NULL,3,1,24),(220,NULL,4,1,24),(220,NULL,5,1,24),(220,NULL,6,1,24),(220,NULL,7,1,24),(220,NULL,8,1,24),(220,NULL,9,1,24),(220,NULL,10,1,24),(220,NULL,11,1,24),(220,NULL,12,1,24),(220,NULL,13,1,24),(220,NULL,1,2,24),(220,NULL,2,2,24),(220,NULL,3,2,24),(220,NULL,4,2,24),(220,NULL,5,2,24),(220,NULL,6,2,24),(220,NULL,7,2,24),(220,NULL,8,2,24),(220,NULL,9,2,24),(220,NULL,10,2,24),(220,NULL,11,2,24),(220,NULL,12,2,24),(220,NULL,13,2,24),(220,NULL,1,3,24),(220,NULL,2,3,24),(220,NULL,3,3,24),(220,NULL,4,3,24),(220,NULL,5,3,24),(220,NULL,6,3,24),(220,NULL,7,3,24),(220,NULL,8,3,24),(220,NULL,9,3,24),(220,NULL,10,3,24),(220,NULL,11,3,24),(220,NULL,12,3,24),(220,NULL,13,3,24),(220,NULL,1,4,24),(220,NULL,2,4,24),(220,NULL,3,4,24),(220,NULL,4,4,24),(220,NULL,5,4,24),(220,NULL,6,4,24),(220,NULL,7,4,24),(220,NULL,8,4,24),(220,NULL,9,4,24),(220,NULL,10,4,24),(220,NULL,11,4,24),(220,NULL,12,4,24),(220,NULL,13,4,24),(220,NULL,1,5,24),(220,NULL,2,5,24),(220,NULL,3,5,24),(220,NULL,4,5,24),(220,NULL,5,5,24),(220,NULL,6,5,24),(220,NULL,7,5,24),(220,NULL,8,5,24),(220,NULL,9,5,24),(220,NULL,10,5,24),(220,NULL,11,5,24),(220,NULL,12,5,24),(220,NULL,13,5,24),(220,NULL,1,1,25),(220,NULL,2,1,25),(220,NULL,3,1,25),(220,NULL,4,1,25),(220,NULL,5,1,25),(220,NULL,6,1,25),(220,NULL,7,1,25),(220,NULL,8,1,25),(220,NULL,9,1,25),(220,NULL,10,1,25),(220,NULL,11,1,25),(220,NULL,12,1,25),(220,NULL,13,1,25),(220,NULL,1,2,25),(220,NULL,2,2,25),(220,NULL,3,2,25),(220,NULL,4,2,25),(220,NULL,5,2,25),(220,NULL,6,2,25),(220,NULL,7,2,25),(220,NULL,8,2,25),(220,NULL,9,2,25),(220,NULL,10,2,25),(220,NULL,11,2,25),(220,NULL,12,2,25),(220,NULL,13,2,25),(220,NULL,1,3,25),(220,NULL,2,3,25),(220,NULL,3,3,25),(220,NULL,4,3,25),(220,NULL,5,3,25),(220,NULL,6,3,25),(220,NULL,7,3,25),(220,NULL,8,3,25),(220,NULL,9,3,25),(220,NULL,10,3,25),(220,NULL,11,3,25),(220,NULL,12,3,25),(220,NULL,13,3,25),(220,NULL,1,4,25),(220,NULL,2,4,25),(220,NULL,3,4,25),(220,NULL,4,4,25),(220,NULL,5,4,25),(220,NULL,6,4,25),(220,NULL,7,4,25),(220,NULL,8,4,25),(220,NULL,9,4,25),(220,NULL,10,4,25),(220,NULL,11,4,25),(220,NULL,12,4,25),(220,NULL,13,4,25),(220,NULL,1,5,25),(220,NULL,2,5,25),(220,NULL,3,5,25),(220,NULL,4,5,25),(220,NULL,5,5,25),(220,NULL,6,5,25),(220,NULL,7,5,25),(220,NULL,8,5,25),(220,NULL,9,5,25),(220,NULL,10,5,25),(220,NULL,11,5,25),(220,NULL,12,5,25),(220,NULL,13,5,25),(220,NULL,1,1,26),(220,NULL,2,1,26),(220,NULL,3,1,26),(220,NULL,4,1,26),(220,NULL,5,1,26),(220,NULL,6,1,26),(220,NULL,7,1,26),(220,NULL,8,1,26),(220,NULL,9,1,26),(220,NULL,10,1,26),(220,NULL,11,1,26),(220,NULL,12,1,26),(220,NULL,13,1,26),(220,NULL,1,2,26),(220,NULL,2,2,26),(220,NULL,3,2,26),(220,NULL,4,2,26),(220,NULL,5,2,26),(220,NULL,6,2,26),(220,NULL,7,2,26),(220,NULL,8,2,26),(220,NULL,9,2,26),(220,NULL,10,2,26),(220,NULL,11,2,26),(220,NULL,12,2,26),(220,NULL,13,2,26),(220,NULL,1,3,26),(220,NULL,2,3,26),(220,NULL,3,3,26),(220,NULL,4,3,26),(220,NULL,5,3,26),(220,NULL,6,3,26),(220,NULL,7,3,26),(220,NULL,8,3,26),(220,NULL,9,3,26),(220,NULL,10,3,26),(220,NULL,11,3,26),(220,NULL,12,3,26),(220,NULL,13,3,26),(220,NULL,1,4,26),(220,NULL,2,4,26),(220,NULL,3,4,26),(220,NULL,4,4,26),(220,NULL,5,4,26),(220,NULL,6,4,26),(220,NULL,7,4,26),(220,NULL,8,4,26),(220,NULL,9,4,26),(220,NULL,10,4,26),(220,NULL,11,4,26),(220,NULL,12,4,26),(220,NULL,13,4,26),(220,NULL,1,5,26),(220,NULL,2,5,26),(220,NULL,3,5,26),(220,NULL,4,5,26),(220,NULL,5,5,26),(220,NULL,6,5,26),(220,NULL,7,5,26),(220,NULL,8,5,26),(220,NULL,9,5,26),(220,NULL,10,5,26),(220,NULL,11,5,26),(220,NULL,12,5,26),(220,NULL,13,5,26),(220,NULL,1,1,27),(220,NULL,2,1,27),(220,NULL,3,1,27),(220,NULL,4,1,27),(220,NULL,5,1,27),(220,NULL,6,1,27),(220,NULL,7,1,27),(220,NULL,8,1,27),(220,NULL,9,1,27),(220,NULL,10,1,27),(220,NULL,11,1,27),(220,NULL,12,1,27),(220,NULL,13,1,27),(220,NULL,1,2,27),(220,NULL,2,2,27),(220,NULL,3,2,27),(220,NULL,4,2,27),(220,NULL,5,2,27),(220,NULL,6,2,27),(220,NULL,7,2,27),(220,NULL,8,2,27),(220,NULL,9,2,27),(220,NULL,10,2,27),(220,NULL,11,2,27),(220,NULL,12,2,27),(220,NULL,13,2,27),(220,NULL,1,3,27),(220,NULL,2,3,27),(220,NULL,3,3,27),(220,NULL,4,3,27),(220,NULL,5,3,27),(220,NULL,6,3,27),(220,NULL,7,3,27),(220,NULL,8,3,27),(220,NULL,9,3,27),(220,NULL,10,3,27),(220,NULL,11,3,27),(220,NULL,12,3,27),(220,NULL,13,3,27),(220,NULL,1,4,27),(220,NULL,2,4,27),(220,NULL,3,4,27),(220,NULL,4,4,27),(220,NULL,5,4,27),(220,NULL,6,4,27),(220,NULL,7,4,27),(220,NULL,8,4,27),(220,NULL,9,4,27),(220,NULL,10,4,27),(220,NULL,11,4,27),(220,NULL,12,4,27),(220,NULL,13,4,27),(220,NULL,1,5,27),(220,NULL,2,5,27),(220,NULL,3,5,27),(220,NULL,4,5,27),(220,NULL,5,5,27),(220,NULL,6,5,27),(220,NULL,7,5,27),(220,NULL,8,5,27),(220,NULL,9,5,27),(220,NULL,10,5,27),(220,NULL,11,5,27),(220,NULL,12,5,27),(220,NULL,13,5,27);
/*!40000 ALTER TABLE `laboratorios_grupo` ENABLE KEYS */;
UNLOCK TABLES;

--
-- Table structure for table `laboratorios_has_recursos`
--

DROP TABLE IF EXISTS `laboratorios_has_recursos`;
/*!40101 SET @saved_cs_client     = @@character_set_client */;
/*!40101 SET character_set_client = utf8 */;
CREATE TABLE `laboratorios_has_recursos` (
  `laboratorios_idlaboratorios` int(11) NOT NULL,
  `recursos_idrecursos` int(11) NOT NULL,
  PRIMARY KEY (`laboratorios_idlaboratorios`,`recursos_idrecursos`),
  KEY `fk_laboratorios_has_recursos_recursos1` (`recursos_idrecursos`),
  KEY `fk_laboratorios_has_recursos_laboratorios1` (`laboratorios_idlaboratorios`),
  CONSTRAINT `fk_laboratorios_has_recursos_laboratorios1` FOREIGN KEY (`laboratorios_idlaboratorios`) REFERENCES `laboratorios` (`idlaboratorios`) ON DELETE NO ACTION ON UPDATE NO ACTION,
  CONSTRAINT `fk_laboratorios_has_recursos_recursos1` FOREIGN KEY (`recursos_idrecursos`) REFERENCES `recursos` (`idrecursos`) ON DELETE NO ACTION ON UPDATE NO ACTION
) ENGINE=InnoDB DEFAULT CHARSET=latin1;
/*!40101 SET character_set_client = @saved_cs_client */;

--
-- Dumping data for table `laboratorios_has_recursos`
--

LOCK TABLES `laboratorios_has_recursos` WRITE;
/*!40000 ALTER TABLE `laboratorios_has_recursos` DISABLE KEYS */;
INSERT INTO `laboratorios_has_recursos` VALUES (219,1),(220,2),(219,3),(220,6),(105,7),(219,7),(220,7);
/*!40000 ALTER TABLE `laboratorios_has_recursos` ENABLE KEYS */;
UNLOCK TABLES;

--
-- Table structure for table `profesores`
--

DROP TABLE IF EXISTS `profesores`;
/*!40101 SET @saved_cs_client     = @@character_set_client */;
/*!40101 SET character_set_client = utf8 */;
CREATE TABLE `profesores` (
  `idprofesores` int(11) NOT NULL AUTO_INCREMENT,
  `nombre` varchar(45) NOT NULL,
  `numempleado` varchar(20) NOT NULL,
  `correo` varchar(40) NOT NULL,
  PRIMARY KEY (`idprofesores`)
) ENGINE=InnoDB DEFAULT CHARSET=latin1;
/*!40101 SET character_set_client = @saved_cs_client */;

--
-- Dumping data for table `profesores`
--

LOCK TABLES `profesores` WRITE;
/*!40000 ALTER TABLE `profesores` DISABLE KEYS */;
/*!40000 ALTER TABLE `profesores` ENABLE KEYS */;
UNLOCK TABLES;

--
-- Table structure for table `recursos`
--

DROP TABLE IF EXISTS `recursos`;
/*!40101 SET @saved_cs_client     = @@character_set_client */;
/*!40101 SET character_set_client = utf8 */;
CREATE TABLE `recursos` (
  `idrecursos` int(11) NOT NULL AUTO_INCREMENT,
  `recurso` varchar(45) NOT NULL,
  PRIMARY KEY (`idrecursos`)
) ENGINE=InnoDB AUTO_INCREMENT=8 DEFAULT CHARSET=latin1;
/*!40101 SET character_set_client = @saved_cs_client */;

--
-- Dumping data for table `recursos`
--

LOCK TABLES `recursos` WRITE;
/*!40000 ALTER TABLE `recursos` DISABLE KEYS */;
INSERT INTO `recursos` VALUES (1,'Ubuntu 12.04'),(2,'WD'),(3,'Geogebra'),(4,'Eclipse'),(5,'Netbeans'),(6,'asdasd'),(7,'Mathematica 8');
/*!40000 ALTER TABLE `recursos` ENABLE KEYS */;
UNLOCK TABLES;

--
-- Table structure for table `semanas`
--

DROP TABLE IF EXISTS `semanas`;
/*!40101 SET @saved_cs_client     = @@character_set_client */;
/*!40101 SET character_set_client = utf8 */;
CREATE TABLE `semanas` (
  `idsemanas` int(11) NOT NULL,
  `semana` varchar(15) NOT NULL,
  PRIMARY KEY (`idsemanas`)
) ENGINE=InnoDB DEFAULT CHARSET=latin1;
/*!40101 SET character_set_client = @saved_cs_client */;

--
-- Dumping data for table `semanas`
--

LOCK TABLES `semanas` WRITE;
/*!40000 ALTER TABLE `semanas` DISABLE KEYS */;
INSERT INTO `semanas` VALUES (1,'uno'),(2,'dos'),(3,'tres'),(4,'cuatro'),(5,'cinco'),(6,'seis'),(7,'siete'),(8,'ocho'),(9,'nueve'),(10,'diez'),(11,'once'),(12,'doce'),(13,'doce-bis');
/*!40000 ALTER TABLE `semanas` ENABLE KEYS */;
UNLOCK TABLES;

--
-- Table structure for table `uea`
--

DROP TABLE IF EXISTS `uea`;
/*!40101 SET @saved_cs_client     = @@character_set_client */;
/*!40101 SET character_set_client = utf8 */;
CREATE TABLE `uea` (
  `iduea` int(11) NOT NULL AUTO_INCREMENT,
  `nombreuea` varchar(45) NOT NULL,
  `clave` varchar(45) NOT NULL,
  `divisiones_iddivisiones` int(11) NOT NULL,
  PRIMARY KEY (`iduea`),
  KEY `fk_uea_divisiones1` (`divisiones_iddivisiones`),
  CONSTRAINT `fk_uea_divisiones1` FOREIGN KEY (`divisiones_iddivisiones`) REFERENCES `divisiones` (`iddivisiones`) ON DELETE NO ACTION ON UPDATE NO ACTION
) ENGINE=InnoDB DEFAULT CHARSET=latin1;
/*!40101 SET character_set_client = @saved_cs_client */;

--
-- Dumping data for table `uea`
--

LOCK TABLES `uea` WRITE;
/*!40000 ALTER TABLE `uea` DISABLE KEYS */;
/*!40000 ALTER TABLE `uea` ENABLE KEYS */;
UNLOCK TABLES;

--
-- Table structure for table `usuarioadmin`
--

DROP TABLE IF EXISTS `usuarioadmin`;
/*!40101 SET @saved_cs_client     = @@character_set_client */;
/*!40101 SET character_set_client = utf8 */;
CREATE TABLE `usuarioadmin` (
  `idusuarioadmin` int(11) NOT NULL AUTO_INCREMENT,
  `usuario` varchar(45) NOT NULL,
  `pass` varchar(45) NOT NULL,
  `correo` varchar(45) NOT NULL,
  `nombre` varchar(45) NOT NULL,
  PRIMARY KEY (`idusuarioadmin`)
) ENGINE=InnoDB AUTO_INCREMENT=2 DEFAULT CHARSET=latin1;
/*!40101 SET character_set_client = @saved_cs_client */;

--
-- Dumping data for table `usuarioadmin`
--

LOCK TABLES `usuarioadmin` WRITE;
/*!40000 ALTER TABLE `usuarioadmin` DISABLE KEYS */;
INSERT INTO `usuarioadmin` VALUES (1,'admin','admin','123q@xanum.uam','Renne McKenney');
/*!40000 ALTER TABLE `usuarioadmin` ENABLE KEYS */;
UNLOCK TABLES;
/*!40103 SET TIME_ZONE=@OLD_TIME_ZONE */;

/*!40101 SET SQL_MODE=@OLD_SQL_MODE */;
/*!40014 SET FOREIGN_KEY_CHECKS=@OLD_FOREIGN_KEY_CHECKS */;
/*!40014 SET UNIQUE_CHECKS=@OLD_UNIQUE_CHECKS */;
/*!40101 SET CHARACTER_SET_CLIENT=@OLD_CHARACTER_SET_CLIENT */;
/*!40101 SET CHARACTER_SET_RESULTS=@OLD_CHARACTER_SET_RESULTS */;
/*!40101 SET COLLATION_CONNECTION=@OLD_COLLATION_CONNECTION */;
/*!40111 SET SQL_NOTES=@OLD_SQL_NOTES */;

-- Dump completed on 2012-12-21 20:05:01
